⚠ [43/102] Replayed Sail.Sail
warning: Sail/Sail.lean:34:5: Ambiguous namespace `PreSail`: it is interpreted as `_root_.Sail.ConcurrencyInterfaceV1.PreSail` because this `open` occurs inside `namespace Sail.ConcurrencyInterfaceV1`, while `_root_.PreSail` is silently not opened. Specify the namespace unambiguously, e.g. `_root_.Sail.ConcurrencyInterfaceV1.PreSail`. The warning can sometimes also be addressed by moving the `open` outside of the surrounding `namespace`.

Note: This linter can be disabled with `set_option linter.ambiguousOpen false`
⚠ [129/700] Replayed Vsa.Densify.Resp
warning: Vsa/Densify/Resp.lean:195:58: `letFun` has been deprecated: Use `have` instead.
warning: Vsa/Densify/Resp.lean:198:78: `letFun` has been deprecated: Use `have` instead.
warning: Vsa/Densify/Resp.lean:203:10: `letFun` has been deprecated: Use `have` instead.
warning: Vsa/Densify/Resp.lean:206:62: `letFun` has been deprecated: Use `have` instead.
warning: Vsa/Densify/Resp.lean:209:82: `letFun` has been deprecated: Use `have` instead.
warning: Vsa/Densify/Resp.lean:215:11: `letFun` has been deprecated: Use `have` instead.
warning: Vsa/Densify/Resp.lean:298:37: `dif_pos` has been deprecated: Use `dite_eq_left` instead
warning: Vsa/Densify/Resp.lean:304:37: `dif_neg` has been deprecated: Use `dite_eq_right` instead
⚠ [130/700] Replayed Vsa.Densify.Transport
warning: Vsa/Densify/Transport.lean:121:40: `if_neg` has been deprecated: Use `ite_eq_right` instead
warning: Vsa/Densify/Transport.lean:127:41: `if_false` has been deprecated: Use `ite_false` instead
warning: Vsa/Densify/Transport.lean:129:12: `if_pos` has been deprecated: Use `ite_eq_left` instead
warning: Vsa/Densify/Transport.lean:129:23: `if_pos` has been deprecated: Use `ite_eq_left` instead
warning: Vsa/Densify/Transport.lean:130:12: `if_neg` has been deprecated: Use `ite_eq_right` instead
warning: Vsa/Densify/Transport.lean:130:23: `if_neg` has been deprecated: Use `ite_eq_right` instead
warning: Vsa/Densify/Transport.lean:166:23: `if_pos` has been deprecated: Use `ite_eq_left` instead
⚠ [131/700] Replayed Vsa.Densify.Tactic
warning: Vsa/Densify/Tactic.lean:172:40: `Lean.levelOne` has been deprecated: Use `Lean.Level.one` instead

Note: The updated constant is in a different namespace. Dot notation may need to be changed (e.g., from `x.levelOne` to `Level.one x`).
warning: Vsa/Densify/Tactic.lean:172:50: `Lean.levelOne` has been deprecated: Use `Lean.Level.one` instead

Note: The updated constant is in a different namespace. Dot notation may need to be changed (e.g., from `x.levelOne` to `Level.one x`).
⚠ [141/700] Replayed Vsa.Sim.Hooks
warning: Vsa/Sim/Hooks.lean:98:4: `if_false` has been deprecated: Use `ite_false` instead
warning: Vsa/Sim/Hooks.lean:98:14: `if_true` has been deprecated: Use `ite_true` instead
warning: Vsa/Sim/Hooks.lean:232:8: `if_neg` has been deprecated: Use `ite_eq_right` instead
warning: Vsa/Sim/Hooks.lean:232:16: `if_neg` has been deprecated: Use `ite_eq_right` instead
warning: Vsa/Sim/Hooks.lean:232:24: `if_pos` has been deprecated: Use `ite_eq_left` instead
warning: Vsa/Sim/Hooks.lean:253:4: `if_false` has been deprecated: Use `ite_false` instead
warning: Vsa/Sim/Hooks.lean:254:6: `if_pos` has been deprecated: Use `ite_eq_left` instead
⚠ [142/700] Replayed Vsa.Sim.Pmp
warning: Vsa/Sim/Pmp.lean:57:21: `dif_pos` has been deprecated: Use `dite_eq_left` instead
warning: Vsa/Sim/Pmp.lean:63:21: `dif_neg` has been deprecated: Use `dite_eq_right` instead
warning: Vsa/Sim/Pmp.lean:129:6: `if_neg` has been deprecated: Use `ite_eq_right` instead
⚠ [145/700] Replayed Vsa.Sim.Fetch
warning: Vsa/Sim/Fetch.lean:124:48: `if_false` has been deprecated: Use `ite_false` instead
warning: Vsa/Sim/Fetch.lean:134:48: `if_true` has been deprecated: Use `ite_true` instead
warning: Vsa/Sim/Fetch.lean:136:37: `if_false` has been deprecated: Use `ite_false` instead
warning: Vsa/Sim/Fetch.lean:141:22: `if_true` has been deprecated: Use `ite_true` instead
warning: Vsa/Sim/Fetch.lean:236:31: This simp argument is unused:
  EStateM.pure

Hint: Omit it from the simp argument list.
  [apply] simp only [ext_fetch_check_pc, LeanRV64DExecutable.SailME.run, LeanRV64DExecutable.SailME.throw,
    Sail.ConcurrencyInterfaceV1.PreSail.PreSailME.run, ExceptT.run, Sail.ConcurrencyInterfaceV1.PreSail.PreSailME.throw,
    bind, ExceptT.bind, ExceptT.mk, liftM, monadLift, MonadLift.monadLift, ExceptT.lift, ExceptT.bindCont, ExceptT.pure,
    Functor.map, EStateM.map, EStateM.run, EStateM.bind, pure]

Note: This linter can be disabled with `set_option linter.unusedSimpArgs false`
warning: Vsa/Sim/Fetch.lean:369:24: `if_false` has been deprecated: Use `ite_false` instead
warning: Vsa/Sim/Fetch.lean:373:41: `if_true` has been deprecated: Use `ite_true` instead
warning: Vsa/Sim/Fetch.lean:374:24: `if_false` has been deprecated: Use `ite_false` instead
⚠ [147/700] Replayed Vsa.Sim.Execute
warning: Vsa/Sim/Execute.lean:53:56: `if_true` has been deprecated: Use `ite_true` instead
warning: Vsa/Sim/Execute.lean:74:56: `if_true` has been deprecated: Use `ite_true` instead
⚠ [148/700] Replayed Vsa.Sim.Tick
warning: Vsa/Sim/Tick.lean:104:48: `if_pos` has been deprecated: Use `ite_eq_left` instead
warning: Vsa/Sim/Tick.lean:155:4: `dif_neg` has been deprecated: Use `dite_eq_right` instead
warning: Vsa/Sim/Tick.lean:158:4: `if_false` has been deprecated: Use `ite_false` instead
warning: Vsa/Sim/Tick.lean:160:57: `if_false` has been deprecated: Use `ite_false` instead
warning: Vsa/Sim/Tick.lean:229:37: `if_true` has been deprecated: Use `ite_true` instead
warning: Vsa/Sim/Tick.lean:237:51: `dif_neg` has been deprecated: Use `dite_eq_right` instead
warning: Vsa/Sim/Tick.lean:245:56: `dif_neg` has been deprecated: Use `dite_eq_right` instead
warning: Vsa/Sim/Tick.lean:250:55: `dif_neg` has been deprecated: Use `dite_eq_right` instead
warning: Vsa/Sim/Tick.lean:255:52: `dif_neg` has been deprecated: Use `dite_eq_right` instead
warning: Vsa/Sim/Tick.lean:262:56: `dif_neg` has been deprecated: Use `dite_eq_right` instead
warning: Vsa/Sim/Tick.lean:269:56: `dif_neg` has been deprecated: Use `dite_eq_right` instead
⚠ [150/700] Replayed Vsa.Sim.Skeleton
warning: Vsa/Sim/Skeleton.lean:132:24: `if_false` has been deprecated: Use `ite_false` instead
warning: Vsa/Sim/Skeleton.lean:135:40: `if_false` has been deprecated: Use `ite_false` instead
warning: Vsa/Sim/Skeleton.lean:127:27: This simp argument is unused:
  EStateM.pure

Hint: Omit it from the simp argument list.
  [apply] simp only [EStateM.bind, ExceptT.bindCont, EStateM.map]

Note: This linter can be disabled with `set_option linter.unusedSimpArgs false`
warning: Vsa/Sim/Skeleton.lean:131:27: This simp argument is unused:
  EStateM.pure

Hint: Omit it from the simp argument list.
  [apply] simp only [EStateM.bind, ExceptT.bindCont, EStateM.map, Bool.false_eq_true, if_false]

Note: This linter can be disabled with `set_option linter.unusedSimpArgs false`
warning: Vsa/Sim/Skeleton.lean:203:6: `dif_neg` has been deprecated: Use `dite_eq_right` instead
warning: Vsa/Sim/Skeleton.lean:209:6: `dif_neg` has been deprecated: Use `dite_eq_right` instead
warning: Vsa/Sim/Skeleton.lean:214:6: `dif_neg` has been deprecated: Use `dite_eq_right` instead
warning: Vsa/Sim/Skeleton.lean:234:31: `if_true` has been deprecated: Use `ite_true` instead
warning: Vsa/Sim/Skeleton.lean:239:20: `dif_pos` has been deprecated: Use `dite_eq_left` instead
warning: Vsa/Sim/Skeleton.lean:242:4: `dif_neg` has been deprecated: Use `dite_eq_right` instead
warning: Vsa/Sim/Skeleton.lean:243:19: `if_true` has been deprecated: Use `ite_true` instead
warning: Vsa/Sim/Skeleton.lean:243:48: `if_false` has been deprecated: Use `ite_false` instead
⚠ [151/700] Replayed Vsa.Sim.StepAddi
warning: Vsa/Sim/StepAddi.lean:52:18: `dif_neg` has been deprecated: Use `dite_eq_right` instead
warning: Vsa/Sim/StepAddi.lean:65:19: `dif_neg` has been deprecated: Use `dite_eq_right` instead
warning: Vsa/Sim/StepAddi.lean:161:82: `dif_neg` has been deprecated: Use `dite_eq_right` instead
warning: Vsa/Sim/StepAddi.lean:166:78: `dif_neg` has been deprecated: Use `dite_eq_right` instead
warning: Vsa/Sim/StepAddi.lean:172:90: `dif_neg` has been deprecated: Use `dite_eq_right` instead
warning: Vsa/Sim/StepAddi.lean:175:93: `dif_neg` has been deprecated: Use `dite_eq_right` instead
warning: Vsa/Sim/StepAddi.lean:181:80: `dif_neg` has been deprecated: Use `dite_eq_right` instead
warning: Vsa/Sim/StepAddi.lean:209:17: `dif_neg` has been deprecated: Use `dite_eq_right` instead
warning: Vsa/Sim/StepAddi.lean:211:17: `dif_neg` has been deprecated: Use `dite_eq_right` instead
warning: Vsa/Sim/StepAddi.lean:214:17: `dif_neg` has been deprecated: Use `dite_eq_right` instead
warning: Vsa/Sim/StepAddi.lean:255:95: `dif_neg` has been deprecated: Use `dite_eq_right` instead
warning: Vsa/Sim/StepAddi.lean:257:89: `dif_neg` has been deprecated: Use `dite_eq_right` instead
warning: Vsa/Sim/StepAddi.lean:260:90: `dif_neg` has been deprecated: Use `dite_eq_right` instead
warning: Vsa/Sim/StepAddi.lean:263:93: `dif_neg` has been deprecated: Use `dite_eq_right` instead
warning: Vsa/Sim/StepAddi.lean:270:83: `dif_neg` has been deprecated: Use `dite_eq_right` instead
warning: Vsa/Sim/StepAddi.lean:272:77: `dif_neg` has been deprecated: Use `dite_eq_right` instead
warning: Vsa/Sim/StepAddi.lean:275:78: `dif_neg` has been deprecated: Use `dite_eq_right` instead
warning: Vsa/Sim/StepAddi.lean:281:79: `dif_neg` has been deprecated: Use `dite_eq_right` instead
warning: Vsa/Sim/StepAddi.lean:290:84: `dif_neg` has been deprecated: Use `dite_eq_right` instead
warning: Vsa/Sim/StepAddi.lean:292:78: `dif_neg` has been deprecated: Use `dite_eq_right` instead
warning: Vsa/Sim/StepAddi.lean:295:79: `dif_neg` has been deprecated: Use `dite_eq_right` instead
warning: Vsa/Sim/StepAddi.lean:317:24: `if_false` has been deprecated: Use `ite_false` instead
warning: Vsa/Sim/StepAddi.lean:320:33: `if_false` has been deprecated: Use `ite_false` instead
warning: Vsa/Sim/StepAddi.lean:325:41: `if_false` has been deprecated: Use `ite_false` instead
warning: Vsa/Sim/StepAddi.lean:364:24: `if_false` has been deprecated: Use `ite_false` instead
warning: Vsa/Sim/StepAddi.lean:366:33: `if_false` has been deprecated: Use `ite_false` instead
warning: Vsa/Sim/StepAddi.lean:371:21: `if_true` has been deprecated: Use `ite_true` instead
warning: Vsa/Sim/StepAddi.lean:424:19: `dif_neg` has been deprecated: Use `dite_eq_right` instead
warning: Vsa/Sim/StepAddi.lean:426:19: `dif_neg` has been deprecated: Use `dite_eq_right` instead
warning: Vsa/Sim/StepAddi.lean:428:19: `dif_neg` has been deprecated: Use `dite_eq_right` instead
warning: Vsa/Sim/StepAddi.lean:462:78: `dif_neg` has been deprecated: Use `dite_eq_right` instead
warning: Vsa/Sim/StepAddi.lean:464:80: `dif_neg` has been deprecated: Use `dite_eq_right` instead
warning: Vsa/Sim/StepAddi.lean:469:77: `dif_neg` has been deprecated: Use `dite_eq_right` instead
⚠ [153/700] Replayed Vsa.Sim.StepBeq
warning: Vsa/Sim/StepBeq.lean:125:21: `if_true` has been deprecated: Use `ite_true` instead
warning: Vsa/Sim/StepBeq.lean:134:80: `if_true` has been deprecated: Use `ite_true` instead
warning: Vsa/Sim/StepBeq.lean:137:49: `if_false` has been deprecated: Use `ite_false` instead
warning: Vsa/Sim/StepBeq.lean:157:41: `if_false` has been deprecated: Use `ite_false` instead
warning: Vsa/Sim/StepBeq.lean:265:85: `dif_neg` has been deprecated: Use `dite_eq_right` instead
warning: Vsa/Sim/StepBeq.lean:273:93: `dif_neg` has been deprecated: Use `dite_eq_right` instead
warning: Vsa/Sim/StepBeq.lean:276:93: `dif_neg` has been deprecated: Use `dite_eq_right` instead
warning: Vsa/Sim/StepBeq.lean:282:83: `dif_neg` has been deprecated: Use `dite_eq_right` instead
warning: Vsa/Sim/StepBeq.lean:367:93: `dif_neg` has been deprecated: Use `dite_eq_right` instead
warning: Vsa/Sim/StepBeq.lean:409:17: `dif_neg` has been deprecated: Use `dite_eq_right` instead
warning: Vsa/Sim/StepBeq.lean:411:17: `dif_neg` has been deprecated: Use `dite_eq_right` instead
warning: Vsa/Sim/StepBeq.lean:414:17: `dif_neg` has been deprecated: Use `dite_eq_right` instead
warning: Vsa/Sim/StepBeq.lean:425:17: `dif_neg` has been deprecated: Use `dite_eq_right` instead
warning: Vsa/Sim/StepBeq.lean:427:17: `dif_neg` has been deprecated: Use `dite_eq_right` instead
warning: Vsa/Sim/StepBeq.lean:470:95: `dif_neg` has been deprecated: Use `dite_eq_right` instead
warning: Vsa/Sim/StepBeq.lean:472:89: `dif_neg` has been deprecated: Use `dite_eq_right` instead
warning: Vsa/Sim/StepBeq.lean:475:93: `dif_neg` has been deprecated: Use `dite_eq_right` instead
warning: Vsa/Sim/StepBeq.lean:478:93: `dif_neg` has been deprecated: Use `dite_eq_right` instead
warning: Vsa/Sim/StepBeq.lean:484:83: `dif_neg` has been deprecated: Use `dite_eq_right` instead
warning: Vsa/Sim/StepBeq.lean:486:77: `dif_neg` has been deprecated: Use `dite_eq_right` instead
warning: Vsa/Sim/StepBeq.lean:492:79: `dif_neg` has been deprecated: Use `dite_eq_right` instead
warning: Vsa/Sim/StepBeq.lean:532:95: `dif_neg` has been deprecated: Use `dite_eq_right` instead
warning: Vsa/Sim/StepBeq.lean:534:89: `dif_neg` has been deprecated: Use `dite_eq_right` instead
warning: Vsa/Sim/StepBeq.lean:537:93: `dif_neg` has been deprecated: Use `dite_eq_right` instead
warning: Vsa/Sim/StepBeq.lean:543:83: `dif_neg` has been deprecated: Use `dite_eq_right` instead
warning: Vsa/Sim/StepBeq.lean:545:77: `dif_neg` has been deprecated: Use `dite_eq_right` instead
warning: Vsa/Sim/StepBeq.lean:551:79: `dif_neg` has been deprecated: Use `dite_eq_right` instead
warning: Vsa/Sim/StepBeq.lean:585:24: `if_false` has been deprecated: Use `ite_false` instead
warning: Vsa/Sim/StepBeq.lean:587:33: `if_false` has been deprecated: Use `ite_false` instead
warning: Vsa/Sim/StepBeq.lean:591:41: `if_false` has been deprecated: Use `ite_false` instead
warning: Vsa/Sim/StepBeq.lean:612:24: `if_false` has been deprecated: Use `ite_false` instead
warning: Vsa/Sim/StepBeq.lean:614:33: `if_false` has been deprecated: Use `ite_false` instead
warning: Vsa/Sim/StepBeq.lean:618:41: `if_false` has been deprecated: Use `ite_false` instead
⚠ [154/700] Replayed Vsa.Sim.Frame
warning: Vsa/Sim/Frame.lean:104:18: `dif_neg` has been deprecated: Use `dite_eq_right` instead
warning: Vsa/Sim/Frame.lean:115:19: `dif_pos` has been deprecated: Use `dite_eq_left` instead
warning: Vsa/Sim/Frame.lean:116:19: `dif_neg` has been deprecated: Use `dite_eq_right` instead
⚠ [155/700] Replayed Vsa.Sim.StepAlu
warning: Vsa/Sim/StepAlu.lean:94:18: `dif_neg` has been deprecated: Use `dite_eq_right` instead
warning: Vsa/Sim/StepAlu.lean:169:24: `dif_neg` has been deprecated: Use `dite_eq_right` instead
warning: Vsa/Sim/StepAlu.lean:175:23: `dif_neg` has been deprecated: Use `dite_eq_right` instead
warning: Vsa/Sim/StepAlu.lean:178:93: `dif_neg` has been deprecated: Use `dite_eq_right` instead
warning: Vsa/Sim/StepAlu.lean:210:17: `dif_neg` has been deprecated: Use `dite_eq_right` instead
warning: Vsa/Sim/StepAlu.lean:212:17: `dif_neg` has been deprecated: Use `dite_eq_right` instead
warning: Vsa/Sim/StepAlu.lean:267:24: `if_false` has been deprecated: Use `ite_false` instead
warning: Vsa/Sim/StepAlu.lean:269:33: `if_false` has been deprecated: Use `ite_false` instead
warning: Vsa/Sim/StepAlu.lean:273:41: `if_false` has been deprecated: Use `ite_false` instead
warning: Vsa/Sim/StepAlu.lean:332:24: `if_false` has been deprecated: Use `ite_false` instead
warning: Vsa/Sim/StepAlu.lean:334:33: `if_false` has been deprecated: Use `ite_false` instead
warning: Vsa/Sim/StepAlu.lean:338:21: `if_true` has been deprecated: Use `ite_true` instead
⚠ [156/700] Replayed Vsa.Sim.ExecuteBranch
warning: Vsa/Sim/ExecuteBranch.lean:90:23: `if_true` has been deprecated: Use `ite_true` instead
warning: Vsa/Sim/ExecuteBranch.lean:99:80: `if_true` has been deprecated: Use `ite_true` instead
warning: Vsa/Sim/ExecuteBranch.lean:102:49: `if_false` has been deprecated: Use `ite_false` instead
warning: Vsa/Sim/ExecuteBranch.lean:119:43: `if_false` has been deprecated: Use `ite_false` instead
warning: Vsa/Sim/ExecuteBranch.lean:144:23: `if_true` has been deprecated: Use `ite_true` instead
warning: Vsa/Sim/ExecuteBranch.lean:153:80: `if_true` has been deprecated: Use `ite_true` instead
warning: Vsa/Sim/ExecuteBranch.lean:156:49: `if_false` has been deprecated: Use `ite_false` instead
warning: Vsa/Sim/ExecuteBranch.lean:173:43: `if_false` has been deprecated: Use `ite_false` instead
warning: Vsa/Sim/ExecuteBranch.lean:198:23: `if_true` has been deprecated: Use `ite_true` instead
warning: Vsa/Sim/ExecuteBranch.lean:207:80: `if_true` has been deprecated: Use `ite_true` instead
warning: Vsa/Sim/ExecuteBranch.lean:210:49: `if_false` has been deprecated: Use `ite_false` instead
warning: Vsa/Sim/ExecuteBranch.lean:227:43: `if_false` has been deprecated: Use `ite_false` instead
warning: Vsa/Sim/ExecuteBranch.lean:252:23: `if_true` has been deprecated: Use `ite_true` instead
warning: Vsa/Sim/ExecuteBranch.lean:261:80: `if_true` has been deprecated: Use `ite_true` instead
warning: Vsa/Sim/ExecuteBranch.lean:264:49: `if_false` has been deprecated: Use `ite_false` instead
warning: Vsa/Sim/ExecuteBranch.lean:281:43: `if_false` has been deprecated: Use `ite_false` instead
warning: Vsa/Sim/ExecuteBranch.lean:306:23: `if_true` has been deprecated: Use `ite_true` instead
warning: Vsa/Sim/ExecuteBranch.lean:315:80: `if_true` has been deprecated: Use `ite_true` instead
warning: Vsa/Sim/ExecuteBranch.lean:318:49: `if_false` has been deprecated: Use `ite_false` instead
warning: Vsa/Sim/ExecuteBranch.lean:335:43: `if_false` has been deprecated: Use `ite_false` instead
⚠ [157/700] Replayed Vsa.Sim.StepBranch
warning: Vsa/Sim/StepBranch.lean:114:23: `if_true` has been deprecated: Use `ite_true` instead
warning: Vsa/Sim/StepBranch.lean:123:80: `if_true` has been deprecated: Use `ite_true` instead
warning: Vsa/Sim/StepBranch.lean:126:49: `if_false` has been deprecated: Use `ite_false` instead
warning: Vsa/Sim/StepBranch.lean:143:43: `if_false` has been deprecated: Use `ite_false` instead
warning: Vsa/Sim/StepBranch.lean:213:85: `dif_neg` has been deprecated: Use `dite_eq_right` instead
warning: Vsa/Sim/StepBranch.lean:221:93: `dif_neg` has been deprecated: Use `dite_eq_right` instead
warning: Vsa/Sim/StepBranch.lean:224:93: `dif_neg` has been deprecated: Use `dite_eq_right` instead
warning: Vsa/Sim/StepBranch.lean:230:83: `dif_neg` has been deprecated: Use `dite_eq_right` instead
warning: Vsa/Sim/StepBranch.lean:306:93: `dif_neg` has been deprecated: Use `dite_eq_right` instead
warning: Vsa/Sim/StepBranch.lean:341:17: `dif_neg` has been deprecated: Use `dite_eq_right` instead
warning: Vsa/Sim/StepBranch.lean:343:17: `dif_neg` has been deprecated: Use `dite_eq_right` instead
warning: Vsa/Sim/StepBranch.lean:346:17: `dif_neg` has been deprecated: Use `dite_eq_right` instead
warning: Vsa/Sim/StepBranch.lean:357:17: `dif_neg` has been deprecated: Use `dite_eq_right` instead
warning: Vsa/Sim/StepBranch.lean:359:17: `dif_neg` has been deprecated: Use `dite_eq_right` instead
warning: Vsa/Sim/StepBranch.lean:413:24: `if_false` has been deprecated: Use `ite_false` instead
warning: Vsa/Sim/StepBranch.lean:415:33: `if_false` has been deprecated: Use `ite_false` instead
warning: Vsa/Sim/StepBranch.lean:419:41: `if_false` has been deprecated: Use `ite_false` instead
warning: Vsa/Sim/StepBranch.lean:448:24: `if_false` has been deprecated: Use `ite_false` instead
warning: Vsa/Sim/StepBranch.lean:450:33: `if_false` has been deprecated: Use `ite_false` instead
warning: Vsa/Sim/StepBranch.lean:454:41: `if_false` has been deprecated: Use `ite_false` instead
warning: Vsa/Sim/StepBranch.lean:518:24: `if_false` has been deprecated: Use `ite_false` instead
warning: Vsa/Sim/StepBranch.lean:520:33: `if_false` has been deprecated: Use `ite_false` instead
warning: Vsa/Sim/StepBranch.lean:524:21: `if_true` has been deprecated: Use `ite_true` instead
warning: Vsa/Sim/StepBranch.lean:565:24: `if_false` has been deprecated: Use `ite_false` instead
warning: Vsa/Sim/StepBranch.lean:567:33: `if_false` has been deprecated: Use `ite_false` instead
warning: Vsa/Sim/StepBranch.lean:571:21: `if_true` has been deprecated: Use `ite_true` instead
⚠ [158/700] Replayed Vsa.Sim.RegAccess
warning: Vsa/Sim/RegAccess.lean:62:43: `if_false` has been deprecated: Use `ite_false` instead
warning: Vsa/Sim/RegAccess.lean:59:26: This simp argument is unused:
  bind

Hint: Omit it from the simp argument list.
  [apply] simp only [wX_bits, wX, EStateM.bind, pure, EStateM.pure, EStateM.run, Sail.BitVec.toNatInt,
    Int.ofNat_eq_natCast, Int.toNat_natCast, BitVec.reduceToNat, bne_self_eq_false, Bool.false_eq_true, if_false]

Note: This linter can be disabled with `set_option linter.unusedSimpArgs false`
warning: Vsa/Sim/RegAccess.lean:59:32: This simp argument is unused:
  EStateM.bind

Hint: Omit it from the simp argument list.
  [apply] simp only [wX_bits, wX, bind, pure, EStateM.pure, EStateM.run, Sail.BitVec.toNatInt, Int.ofNat_eq_natCast,
    Int.toNat_natCast, BitVec.reduceToNat, bne_self_eq_false, Bool.false_eq_true, if_false]

Note: This linter can be disabled with `set_option linter.unusedSimpArgs false`
warning: Vsa/Sim/RegAccess.lean:81:56: `if_true` has been deprecated: Use `ite_true` instead
warning: Vsa/Sim/RegAccess.lean:104:56: `if_true` has been deprecated: Use `ite_true` instead
warning: Vsa/Sim/RegAccess.lean:127:56: `if_true` has been deprecated: Use `ite_true` instead
warning: Vsa/Sim/RegAccess.lean:150:56: `if_true` has been deprecated: Use `ite_true` instead
warning: Vsa/Sim/RegAccess.lean:173:56: `if_true` has been deprecated: Use `ite_true` instead
warning: Vsa/Sim/RegAccess.lean:196:56: `if_true` has been deprecated: Use `ite_true` instead
warning: Vsa/Sim/RegAccess.lean:219:56: `if_true` has been deprecated: Use `ite_true` instead
warning: Vsa/Sim/RegAccess.lean:242:56: `if_true` has been deprecated: Use `ite_true` instead
warning: Vsa/Sim/RegAccess.lean:265:56: `if_true` has been deprecated: Use `ite_true` instead
warning: Vsa/Sim/RegAccess.lean:288:56: `if_true` has been deprecated: Use `ite_true` instead
warning: Vsa/Sim/RegAccess.lean:311:56: `if_true` has been deprecated: Use `ite_true` instead
warning: Vsa/Sim/RegAccess.lean:334:56: `if_true` has been deprecated: Use `ite_true` instead
warning: Vsa/Sim/RegAccess.lean:357:56: `if_true` has been deprecated: Use `ite_true` instead
warning: Vsa/Sim/RegAccess.lean:380:56: `if_true` has been deprecated: Use `ite_true` instead
warning: Vsa/Sim/RegAccess.lean:403:56: `if_true` has been deprecated: Use `ite_true` instead
warning: Vsa/Sim/RegAccess.lean:426:56: `if_true` has been deprecated: Use `ite_true` instead
warning: Vsa/Sim/RegAccess.lean:449:56: `if_true` has been deprecated: Use `ite_true` instead
warning: Vsa/Sim/RegAccess.lean:472:56: `if_true` has been deprecated: Use `ite_true` instead
warning: Vsa/Sim/RegAccess.lean:495:56: `if_true` has been deprecated: Use `ite_true` instead
warning: Vsa/Sim/RegAccess.lean:518:56: `if_true` has been deprecated: Use `ite_true` instead
warning: Vsa/Sim/RegAccess.lean:541:56: `if_true` has been deprecated: Use `ite_true` instead
warning: Vsa/Sim/RegAccess.lean:564:56: `if_true` has been deprecated: Use `ite_true` instead
warning: Vsa/Sim/RegAccess.lean:587:56: `if_true` has been deprecated: Use `ite_true` instead
warning: Vsa/Sim/RegAccess.lean:610:56: `if_true` has been deprecated: Use `ite_true` instead
warning: Vsa/Sim/RegAccess.lean:633:56: `if_true` has been deprecated: Use `ite_true` instead
warning: Vsa/Sim/RegAccess.lean:656:56: `if_true` has been deprecated: Use `ite_true` instead
warning: Vsa/Sim/RegAccess.lean:679:56: `if_true` has been deprecated: Use `ite_true` instead
warning: Vsa/Sim/RegAccess.lean:702:56: `if_true` has been deprecated: Use `ite_true` instead
warning: Vsa/Sim/RegAccess.lean:725:56: `if_true` has been deprecated: Use `ite_true` instead
warning: Vsa/Sim/RegAccess.lean:748:56: `if_true` has been deprecated: Use `ite_true` instead
warning: Vsa/Sim/RegAccess.lean:771:56: `if_true` has been deprecated: Use `ite_true` instead
⚠ [159/700] Replayed Vsa.Sim.ExecuteJump
warning: Vsa/Sim/ExecuteJump.lean:90:24: `if_false` has been deprecated: Use `ite_false` instead
warning: Vsa/Sim/ExecuteJump.lean:137:80: `if_true` has been deprecated: Use `ite_true` instead
warning: Vsa/Sim/ExecuteJump.lean:140:49: `if_false` has been deprecated: Use `ite_false` instead
warning: Vsa/Sim/ExecuteJump.lean:186:80: `if_true` has been deprecated: Use `ite_true` instead
warning: Vsa/Sim/ExecuteJump.lean:189:49: `if_false` has been deprecated: Use `ite_false` instead
warning: Vsa/Sim/ExecuteJump.lean:185:18: This simp argument is unused:
  EStateM.pure

Hint: Omit it from the simp argument list.
  [apply] simp only [ext_control_check_pc, LeanRV64DExecutable.SailME.run,
    Sail.ConcurrencyInterfaceV1.PreSail.PreSailME.run, ExceptT.run, bind, ExceptT.bind, ExceptT.mk, liftM, monadLift,
    MonadLift.monadLift, ExceptT.lift, ExceptT.bindCont, ExceptT.pure, Functor.map, EStateM.map, EStateM.bind, pure,
    Pure.pure]

Note: This linter can be disabled with `set_option linter.unusedSimpArgs false`
⚠ [160/700] Replayed Vsa.Sim.StepJump
warning: Vsa/Sim/StepJump.lean:83:18: `dif_neg` has been deprecated: Use `dite_eq_right` instead
warning: Vsa/Sim/StepJump.lean:86:19: `dif_neg` has been deprecated: Use `dite_eq_right` instead
warning: Vsa/Sim/StepJump.lean:167:24: `dif_neg` has been deprecated: Use `dite_eq_right` instead
warning: Vsa/Sim/StepJump.lean:173:23: `dif_neg` has been deprecated: Use `dite_eq_right` instead
warning: Vsa/Sim/StepJump.lean:176:93: `dif_neg` has been deprecated: Use `dite_eq_right` instead
warning: Vsa/Sim/StepJump.lean:179:93: `dif_neg` has been deprecated: Use `dite_eq_right` instead
warning: Vsa/Sim/StepJump.lean:222:18: `dif_neg` has been deprecated: Use `dite_eq_right` instead
warning: Vsa/Sim/StepJump.lean:225:19: `dif_neg` has been deprecated: Use `dite_eq_right` instead
warning: Vsa/Sim/StepJump.lean:313:24: `dif_neg` has been deprecated: Use `dite_eq_right` instead
warning: Vsa/Sim/StepJump.lean:319:23: `dif_neg` has been deprecated: Use `dite_eq_right` instead
warning: Vsa/Sim/StepJump.lean:322:93: `dif_neg` has been deprecated: Use `dite_eq_right` instead
warning: Vsa/Sim/StepJump.lean:325:93: `dif_neg` has been deprecated: Use `dite_eq_right` instead
warning: Vsa/Sim/StepJump.lean:363:19: `dif_neg` has been deprecated: Use `dite_eq_right` instead
warning: Vsa/Sim/StepJump.lean:438:93: `dif_neg` has been deprecated: Use `dite_eq_right` instead
warning: Vsa/Sim/StepJump.lean:441:93: `dif_neg` has been deprecated: Use `dite_eq_right` instead
warning: Vsa/Sim/StepJump.lean:527:93: `dif_neg` has been deprecated: Use `dite_eq_right` instead
warning: Vsa/Sim/StepJump.lean:530:93: `dif_neg` has been deprecated: Use `dite_eq_right` instead
warning: Vsa/Sim/StepJump.lean:575:17: `dif_neg` has been deprecated: Use `dite_eq_right` instead
warning: Vsa/Sim/StepJump.lean:577:17: `dif_neg` has been deprecated: Use `dite_eq_right` instead
warning: Vsa/Sim/StepJump.lean:589:17: `dif_neg` has been deprecated: Use `dite_eq_right` instead
warning: Vsa/Sim/StepJump.lean:591:17: `dif_neg` has been deprecated: Use `dite_eq_right` instead
warning: Vsa/Sim/StepJump.lean:602:17: `dif_neg` has been deprecated: Use `dite_eq_right` instead
warning: Vsa/Sim/StepJump.lean:604:17: `dif_neg` has been deprecated: Use `dite_eq_right` instead
warning: Vsa/Sim/StepJump.lean:693:24: `if_false` has been deprecated: Use `ite_false` instead
warning: Vsa/Sim/StepJump.lean:695:33: `if_false` has been deprecated: Use `ite_false` instead
warning: Vsa/Sim/StepJump.lean:699:41: `if_false` has been deprecated: Use `ite_false` instead
warning: Vsa/Sim/StepJump.lean:740:24: `if_false` has been deprecated: Use `ite_false` instead
warning: Vsa/Sim/StepJump.lean:742:33: `if_false` has been deprecated: Use `ite_false` instead
warning: Vsa/Sim/StepJump.lean:746:41: `if_false` has been deprecated: Use `ite_false` instead
warning: Vsa/Sim/StepJump.lean:773:24: `if_false` has been deprecated: Use `ite_false` instead
warning: Vsa/Sim/StepJump.lean:775:33: `if_false` has been deprecated: Use `ite_false` instead
warning: Vsa/Sim/StepJump.lean:779:41: `if_false` has been deprecated: Use `ite_false` instead
warning: Vsa/Sim/StepJump.lean:808:24: `if_false` has been deprecated: Use `ite_false` instead
warning: Vsa/Sim/StepJump.lean:810:33: `if_false` has been deprecated: Use `ite_false` instead
warning: Vsa/Sim/StepJump.lean:814:41: `if_false` has been deprecated: Use `ite_false` instead
warning: Vsa/Sim/StepJump.lean:892:24: `if_false` has been deprecated: Use `ite_false` instead
warning: Vsa/Sim/StepJump.lean:894:33: `if_false` has been deprecated: Use `ite_false` instead
warning: Vsa/Sim/StepJump.lean:898:21: `if_true` has been deprecated: Use `ite_true` instead
warning: Vsa/Sim/StepJump.lean:951:24: `if_false` has been deprecated: Use `ite_false` instead
warning: Vsa/Sim/StepJump.lean:953:33: `if_false` has been deprecated: Use `ite_false` instead
warning: Vsa/Sim/StepJump.lean:957:21: `if_true` has been deprecated: Use `ite_true` instead
warning: Vsa/Sim/StepJump.lean:996:24: `if_false` has been deprecated: Use `ite_false` instead
warning: Vsa/Sim/StepJump.lean:998:33: `if_false` has been deprecated: Use `ite_false` instead
warning: Vsa/Sim/StepJump.lean:1002:21: `if_true` has been deprecated: Use `ite_true` instead
warning: Vsa/Sim/StepJump.lean:1043:24: `if_false` has been deprecated: Use `ite_false` instead
warning: Vsa/Sim/StepJump.lean:1045:33: `if_false` has been deprecated: Use `ite_false` instead
warning: Vsa/Sim/StepJump.lean:1049:21: `if_true` has been deprecated: Use `ite_true` instead
⚠ [161/700] Replayed Vsa.Sim.StepStore
warning: Vsa/Sim/StepStore.lean:162:93: `dif_neg` has been deprecated: Use `dite_eq_right` instead
warning: Vsa/Sim/StepStore.lean:193:17: `dif_neg` has been deprecated: Use `dite_eq_right` instead
warning: Vsa/Sim/StepStore.lean:195:17: `dif_neg` has been deprecated: Use `dite_eq_right` instead
warning: Vsa/Sim/StepStore.lean:254:24: `if_false` has been deprecated: Use `ite_false` instead
warning: Vsa/Sim/StepStore.lean:256:33: `if_false` has been deprecated: Use `ite_false` instead
warning: Vsa/Sim/StepStore.lean:260:41: `if_false` has been deprecated: Use `ite_false` instead
warning: Vsa/Sim/StepStore.lean:314:24: `if_false` has been deprecated: Use `ite_false` instead
warning: Vsa/Sim/StepStore.lean:316:33: `if_false` has been deprecated: Use `ite_false` instead
warning: Vsa/Sim/StepStore.lean:320:21: `if_true` has been deprecated: Use `ite_true` instead
⚠ [162/700] Replayed Vsa.Sim.StepObs
warning: Vsa/Sim/StepObs.lean:72:18: `dif_neg` has been deprecated: Use `dite_eq_right` instead
warning: Vsa/Sim/StepObs.lean:74:18: `dif_neg` has been deprecated: Use `dite_eq_right` instead
warning: Vsa/Sim/StepObs.lean:76:18: `dif_neg` has been deprecated: Use `dite_eq_right` instead
warning: Vsa/Sim/StepObs.lean:88:18: `dif_neg` has been deprecated: Use `dite_eq_right` instead
warning: Vsa/Sim/StepObs.lean:90:18: `dif_neg` has been deprecated: Use `dite_eq_right` instead
warning: Vsa/Sim/StepObs.lean:92:18: `dif_neg` has been deprecated: Use `dite_eq_right` instead
warning: Vsa/Sim/StepObs.lean:104:18: `dif_neg` has been deprecated: Use `dite_eq_right` instead
warning: Vsa/Sim/StepObs.lean:106:18: `dif_neg` has been deprecated: Use `dite_eq_right` instead
warning: Vsa/Sim/StepObs.lean:108:18: `dif_neg` has been deprecated: Use `dite_eq_right` instead
warning: Vsa/Sim/StepObs.lean:120:18: `dif_neg` has been deprecated: Use `dite_eq_right` instead
warning: Vsa/Sim/StepObs.lean:122:18: `dif_neg` has been deprecated: Use `dite_eq_right` instead
warning: Vsa/Sim/StepObs.lean:124:18: `dif_neg` has been deprecated: Use `dite_eq_right` instead
warning: Vsa/Sim/StepObs.lean:410:18: `dif_neg` has been deprecated: Use `dite_eq_right` instead
warning: Vsa/Sim/StepObs.lean:412:18: `dif_neg` has been deprecated: Use `dite_eq_right` instead
warning: Vsa/Sim/StepObs.lean:414:18: `dif_neg` has been deprecated: Use `dite_eq_right` instead
warning: Vsa/Sim/StepObs.lean:483:18: `dif_neg` has been deprecated: Use `dite_eq_right` instead
warning: Vsa/Sim/StepObs.lean:485:18: `dif_neg` has been deprecated: Use `dite_eq_right` instead
warning: Vsa/Sim/StepObs.lean:487:18: `dif_neg` has been deprecated: Use `dite_eq_right` instead
⚠ [175/700] Replayed Vsa.Sim.Muldi3Spec
warning: Vsa/Sim/Muldi3Spec.lean:139:77: `dif_neg` has been deprecated: Use `dite_eq_right` instead
warning: Vsa/Sim/Muldi3Spec.lean:149:21: `dif_neg` has been deprecated: Use `dite_eq_right` instead
warning: Vsa/Sim/Muldi3Spec.lean:151:21: `dif_neg` has been deprecated: Use `dite_eq_right` instead
warning: Vsa/Sim/Muldi3Spec.lean:173:77: `dif_neg` has been deprecated: Use `dite_eq_right` instead
warning: Vsa/Sim/Muldi3Spec.lean:187:77: `dif_neg` has been deprecated: Use `dite_eq_right` instead
warning: Vsa/Sim/Muldi3Spec.lean:203:77: `dif_neg` has been deprecated: Use `dite_eq_right` instead
warning: Vsa/Sim/Muldi3Spec.lean:413:5: Variable name `x` is not explicitly referenced.

Hint: The binding can be removed (if unused) or named `_` (if used implicitly). Alternatively, prefix the name with `_` to silence this warning:
  [apply] _x

Note: This linter can be disabled with `set_option linter.unusedVariables false`
warning: Vsa/Sim/Muldi3Spec.lean:436:5: Variable name `x` is not explicitly referenced.

Hint: The binding can be removed (if unused) or named `_` (if used implicitly). Alternatively, prefix the name with `_` to silence this warning:
  [apply] _x

Note: This linter can be disabled with `set_option linter.unusedVariables false`
warning: Vsa/Sim/Muldi3Spec.lean:457:5: Variable name `x` is not explicitly referenced.

Hint: The binding can be removed (if unused) or named `_` (if used implicitly). Alternatively, prefix the name with `_` to silence this warning:
  [apply] _x

Note: This linter can be disabled with `set_option linter.unusedVariables false`
warning: Vsa/Sim/Muldi3Spec.lean:457:7: Variable name `y` is not explicitly referenced.

Hint: The binding can be removed (if unused) or named `_` (if used implicitly). Alternatively, prefix the name with `_` to silence this warning:
  [apply] _y

Note: This linter can be disabled with `set_option linter.unusedVariables false`
warning: Vsa/Sim/Muldi3Spec.lean:480:5: Variable name `x` is not explicitly referenced.

Hint: The binding can be removed (if unused) or named `_` (if used implicitly). Alternatively, prefix the name with `_` to silence this warning:
  [apply] _x

Note: This linter can be disabled with `set_option linter.unusedVariables false`
warning: Vsa/Sim/Muldi3Spec.lean:480:7: Variable name `y` is not explicitly referenced.

Hint: The binding can be removed (if unused) or named `_` (if used implicitly). Alternatively, prefix the name with `_` to silence this warning:
  [apply] _y

Note: This linter can be disabled with `set_option linter.unusedVariables false`
warning: Vsa/Sim/Muldi3Spec.lean:553:5: Variable name `x` is not explicitly referenced.

Hint: The binding can be removed (if unused) or named `_` (if used implicitly). Alternatively, prefix the name with `_` to silence this warning:
  [apply] _x

Note: This linter can be disabled with `set_option linter.unusedVariables false`
warning: Vsa/Sim/Muldi3Spec.lean:578:5: Variable name `x` is not explicitly referenced.

Hint: The binding can be removed (if unused) or named `_` (if used implicitly). Alternatively, prefix the name with `_` to silence this warning:
  [apply] _x

Note: This linter can be disabled with `set_option linter.unusedVariables false`
warning: Vsa/Sim/Muldi3Spec.lean:601:5: Variable name `x` is not explicitly referenced.

Hint: The binding can be removed (if unused) or named `_` (if used implicitly). Alternatively, prefix the name with `_` to silence this warning:
  [apply] _x

Note: This linter can be disabled with `set_option linter.unusedVariables false`
warning: Vsa/Sim/Muldi3Spec.lean:601:7: Variable name `y` is not explicitly referenced.

Hint: The binding can be removed (if unused) or named `_` (if used implicitly). Alternatively, prefix the name with `_` to silence this warning:
  [apply] _y

Note: This linter can be disabled with `set_option linter.unusedVariables false`
warning: Vsa/Sim/Muldi3Spec.lean:626:5: Variable name `x` is not explicitly referenced.

Hint: The binding can be removed (if unused) or named `_` (if used implicitly). Alternatively, prefix the name with `_` to silence this warning:
  [apply] _x

Note: This linter can be disabled with `set_option linter.unusedVariables false`
warning: Vsa/Sim/Muldi3Spec.lean:626:7: Variable name `y` is not explicitly referenced.

Hint: The binding can be removed (if unused) or named `_` (if used implicitly). Alternatively, prefix the name with `_` to silence this warning:
  [apply] _y

Note: This linter can be disabled with `set_option linter.unusedVariables false`
warning: Vsa/Sim/Muldi3Spec.lean:713:5: Variable name `x` is not explicitly referenced.

Hint: The binding can be removed (if unused) or named `_` (if used implicitly). Alternatively, prefix the name with `_` to silence this warning:
  [apply] _x

Note: This linter can be disabled with `set_option linter.unusedVariables false`
warning: Vsa/Sim/Muldi3Spec.lean:713:7: Variable name `y` is not explicitly referenced.

Hint: The binding can be removed (if unused) or named `_` (if used implicitly). Alternatively, prefix the name with `_` to silence this warning:
  [apply] _y

Note: This linter can be disabled with `set_option linter.unusedVariables false`
⚠ [176/700] Replayed Vsa.Sim.MemLoad
warning: Vsa/Sim/MemLoad.lean:350:8: `if_neg` has been deprecated: Use `ite_eq_right` instead
warning: Vsa/Sim/MemLoad.lean:350:16: `if_neg` has been deprecated: Use `ite_eq_right` instead
warning: Vsa/Sim/MemLoad.lean:350:24: `if_pos` has been deprecated: Use `ite_eq_left` instead
warning: Vsa/Sim/MemLoad.lean:371:55: `if_true` has been deprecated: Use `ite_true` instead
warning: Vsa/Sim/MemLoad.lean:372:4: `if_false` has been deprecated: Use `ite_false` instead
warning: Vsa/Sim/MemLoad.lean:373:6: `if_pos` has been deprecated: Use `ite_eq_left` instead
warning: Vsa/Sim/MemLoad.lean:464:48: `if_false` has been deprecated: Use `ite_false` instead
warning: Vsa/Sim/MemLoad.lean:472:48: `if_true` has been deprecated: Use `ite_true` instead
warning: Vsa/Sim/MemLoad.lean:474:37: `if_false` has been deprecated: Use `ite_false` instead
warning: Vsa/Sim/MemLoad.lean:479:22: `if_true` has been deprecated: Use `ite_true` instead
warning: Vsa/Sim/MemLoad.lean:576:48: `if_false` has been deprecated: Use `ite_false` instead
warning: Vsa/Sim/MemLoad.lean:584:48: `if_true` has been deprecated: Use `ite_true` instead
warning: Vsa/Sim/MemLoad.lean:586:37: `if_false` has been deprecated: Use `ite_false` instead
warning: Vsa/Sim/MemLoad.lean:591:22: `if_true` has been deprecated: Use `ite_true` instead
warning: Vsa/Sim/MemLoad.lean:684:48: `if_false` has been deprecated: Use `ite_false` instead
warning: Vsa/Sim/MemLoad.lean:692:48: `if_true` has been deprecated: Use `ite_true` instead
warning: Vsa/Sim/MemLoad.lean:694:37: `if_false` has been deprecated: Use `ite_false` instead
warning: Vsa/Sim/MemLoad.lean:699:22: `if_true` has been deprecated: Use `ite_true` instead
warning: Vsa/Sim/MemLoad.lean:789:48: `if_false` has been deprecated: Use `ite_false` instead
warning: Vsa/Sim/MemLoad.lean:797:48: `if_true` has been deprecated: Use `ite_true` instead
warning: Vsa/Sim/MemLoad.lean:799:37: `if_false` has been deprecated: Use `ite_false` instead
warning: Vsa/Sim/MemLoad.lean:804:22: `if_true` has been deprecated: Use `ite_true` instead
warning: Vsa/Sim/MemLoad.lean:1120:4: `if_false` has been deprecated: Use `ite_false` instead
warning: Vsa/Sim/MemLoad.lean:1120:14: `if_true` has been deprecated: Use `ite_true` instead
⚠ [177/700] Replayed Vsa.Sim.ExecuteLoad
warning: Vsa/Sim/ExecuteLoad.lean:75:74: `if_true` has been deprecated: Use `ite_true` instead
warning: Vsa/Sim/ExecuteLoad.lean:72:20: This simp argument is unused:
  Bool.true_and

Hint: Omit it from the simp argument list.
  [apply] simp only [get_pmlen, is_pmm_applicable, get_pmm, bne, h1, h2, h3, Bool.not_false, Bool.and_true, hcond, hxl,
    bind, EStateM.bind, EStateM.run, pure, EStateM.pure, LeanRV64DExecutable.readReg,
    Sail.ConcurrencyInterfaceV1.PreSail.readReg, get, getThe, MonadStateOf.get, EStateM.get, hmstatus, hmseccfg, hpmm,
    if_true]

Note: This linter can be disabled with `set_option linter.unusedSimpArgs false`
warning: Vsa/Sim/ExecuteLoad.lean:107:17: `if_true` has been deprecated: Use `ite_true` instead
warning: Vsa/Sim/ExecuteLoad.lean:109:18: `if_true` has been deprecated: Use `ite_true` instead
warning: Vsa/Sim/ExecuteLoad.lean:103:13: This simp argument is unused:
  EStateM.bind

Hint: Omit it from the simp argument list.
  [apply] simp only

Note: This linter can be disabled with `set_option linter.unusedSimpArgs false`
warning: Vsa/Sim/ExecuteLoad.lean:105:36: This simp argument is unused:
  EStateM.bind

Hint: Omit it from the simp argument list.
  [apply] simp only [translationMode, bind, EStateM.pure, pure]

Note: This linter can be disabled with `set_option linter.unusedSimpArgs false`
warning: Vsa/Sim/ExecuteLoad.lean:105:50: This simp argument is unused:
  EStateM.pure

Hint: Omit it from the simp argument list.
  [apply] simp only [translationMode, bind, EStateM.bind, pure]

Note: This linter can be disabled with `set_option linter.unusedSimpArgs false`
warning: Vsa/Sim/ExecuteLoad.lean:168:81: This simp argument is unused:
  Bool.and_true

Hint: Omit it from the simp argument list.
  [apply] simp only [hi, decide_true, Bool.not_true, Bool.false_and, Bool.and_false, Bool.and_self, implies_true]

Note: This linter can be disabled with `set_option linter.unusedSimpArgs false`
warning: Vsa/Sim/ExecuteLoad.lean:169:8: This simp argument is unused:
  Bool.and_self

Hint: Omit it from the simp argument list.
  [apply] simp only [hi, decide_true, Bool.not_true, Bool.false_and, Bool.and_false, Bool.and_true, implies_true]

Note: This linter can be disabled with `set_option linter.unusedSimpArgs false`
warning: Vsa/Sim/ExecuteLoad.lean:176:53: This simp argument is unused:
  Bool.true_and

Hint: Omit it from the simp argument list.
  [apply] simp only [hi, decide_false, Bool.not_false, hlt, Bool.false_and, Bool.and_false, hge, Bool.and_self,
    implies_true]

Note: This linter can be disabled with `set_option linter.unusedSimpArgs false`
warning: Vsa/Sim/ExecuteLoad.lean:177:26: This simp argument is unused:
  Bool.and_false

Hint: Omit it from the simp argument list.
  [apply] simp only [hi, decide_false, Bool.not_false, Bool.true_and, hlt, Bool.false_and, hge, Bool.and_self,
    implies_true]

Note: This linter can be disabled with `set_option linter.unusedSimpArgs false`
warning: Vsa/Sim/ExecuteLoad.lean:217:21: `if_true` has been deprecated: Use `ite_true` instead
warning: Vsa/Sim/ExecuteLoad.lean:217:36: This simp argument is unused:
  EStateM.bind

Hint: Omit it from the simp argument list.
  [apply] simp only [hintra, if_true, bind, EStateM.run, pure, EStateM.pure]

Note: This linter can be disabled with `set_option linter.unusedSimpArgs false`
warning: Vsa/Sim/ExecuteLoad.lean:303:66: `if_false` has been deprecated: Use `ite_false` instead
warning: Vsa/Sim/ExecuteLoad.lean:303:76: `if_true` has been deprecated: Use `ite_true` instead
warning: Vsa/Sim/ExecuteLoad.lean:314:71: `if_false` has been deprecated: Use `ite_false` instead
warning: Vsa/Sim/ExecuteLoad.lean:320:24: `if_false` has been deprecated: Use `ite_false` instead
warning: Vsa/Sim/ExecuteLoad.lean:301:37: This simp argument is unused:
  EStateM.pure

Hint: Omit it from the simp argument list.
  [apply] simp only [halignv, LeanRV64DExecutable.SailME.run, LeanRV64DExecutable.SailME.throw,
    Sail.ConcurrencyInterfaceV1.PreSail.PreSailME.run, ExceptT.run, Sail.ConcurrencyInterfaceV1.PreSail.PreSailME.throw,
    bind, ExceptT.bind, ExceptT.mk, liftM, monadLift, MonadLift.monadLift, ExceptT.lift, ExceptT.bindCont, ExceptT.pure,
    Functor.map, EStateM.map, EStateM.run, EStateM.bind, pure, bits_of_virtaddr, sys_misaligned_order_decreasing,
    Functions.not, Bool.not_true, Bool.false_and, Bool.and_false, if_false, if_true, Bool.false_eq_true]

Note: This linter can be disabled with `set_option linter.unusedSimpArgs false`
warning: Vsa/Sim/ExecuteLoad.lean:303:50: This simp argument is unused:
  Bool.and_false

Hint: Omit it from the simp argument list.
  [apply] simp only [halignv, LeanRV64DExecutable.SailME.run, LeanRV64DExecutable.SailME.throw,
    Sail.ConcurrencyInterfaceV1.PreSail.PreSailME.run, ExceptT.run, Sail.ConcurrencyInterfaceV1.PreSail.PreSailME.throw,
    bind, ExceptT.bind, ExceptT.mk, liftM, monadLift, MonadLift.monadLift, ExceptT.lift, ExceptT.bindCont, ExceptT.pure,
    Functor.map, EStateM.map, EStateM.run, EStateM.bind, pure, EStateM.pure, bits_of_virtaddr,
    sys_misaligned_order_decreasing, Functions.not, Bool.not_true, Bool.false_and, if_false, if_true,
    Bool.false_eq_true]

Note: This linter can be disabled with `set_option linter.unusedSimpArgs false`
warning: Vsa/Sim/ExecuteLoad.lean:303:76: This simp argument is unused:
  if_true

Hint: Omit it from the simp argument list.
  [apply] simp only [halignv, LeanRV64DExecutable.SailME.run, LeanRV64DExecutable.SailME.throw,
    Sail.ConcurrencyInterfaceV1.PreSail.PreSailME.run, ExceptT.run, Sail.ConcurrencyInterfaceV1.PreSail.PreSailME.throw,
    bind, ExceptT.bind, ExceptT.mk, liftM, monadLift, MonadLift.monadLift, ExceptT.lift, ExceptT.bindCont, ExceptT.pure,
    Functor.map, EStateM.map, EStateM.run, EStateM.bind, pure, EStateM.pure, bits_of_virtaddr,
    sys_misaligned_order_decreasing, Functions.not, Bool.not_true, Bool.false_and, Bool.and_false, if_false,
    Bool.false_eq_true]

Note: This linter can be disabled with `set_option linter.unusedSimpArgs false`
warning: Vsa/Sim/ExecuteLoad.lean:307:10: This simp argument is unused:
  ExceptT.bind

Hint: Omit it from the simp argument list.
  [apply] simp only [EStateM.bind, EStateM.pure, ExceptT.bindCont, EStateM.map, bind, ExceptT.mk, ExceptT.lift,
    ExceptT.pure, liftM, monadLift, MonadLift.monadLift, Functor.map, pure, LeanRV64DExecutable.readReg,
    Sail.ConcurrencyInterfaceV1.PreSail.readReg, get, getThe, MonadStateOf.get, EStateM.get, hmstatus, hpriv]

Note: This linter can be disabled with `set_option linter.unusedSimpArgs false`
warning: Vsa/Sim/ExecuteLoad.lean:307:24: This simp argument is unused:
  ExceptT.mk

Hint: Omit it from the simp argument list.
  [apply] simp only [EStateM.bind, EStateM.pure, ExceptT.bindCont, EStateM.map, bind, ExceptT.bind, ExceptT.lift,
    ExceptT.pure, liftM, monadLift, MonadLift.monadLift, Functor.map, pure, LeanRV64DExecutable.readReg,
    Sail.ConcurrencyInterfaceV1.PreSail.readReg, get, getThe, MonadStateOf.get, EStateM.get, hmstatus, hpriv]

Note: This linter can be disabled with `set_option linter.unusedSimpArgs false`
warning: Vsa/Sim/ExecuteLoad.lean:307:36: This simp argument is unused:
  ExceptT.lift

Hint: Omit it from the simp argument list.
  [apply] simp only [EStateM.bind, EStateM.pure, ExceptT.bindCont, EStateM.map, bind, ExceptT.bind, ExceptT.mk,
    ExceptT.pure, liftM, monadLift, MonadLift.monadLift, Functor.map, pure, LeanRV64DExecutable.readReg,
    Sail.ConcurrencyInterfaceV1.PreSail.readReg, get, getThe, MonadStateOf.get, EStateM.get, hmstatus, hpriv]

Note: This linter can be disabled with `set_option linter.unusedSimpArgs false`
warning: Vsa/Sim/ExecuteLoad.lean:307:50: This simp argument is unused:
  ExceptT.pure

Hint: Omit it from the simp argument list.
  [apply] simp only [EStateM.bind, EStateM.pure, ExceptT.bindCont, EStateM.map, bind, ExceptT.bind, ExceptT.mk,
    ExceptT.lift, liftM, monadLift, MonadLift.monadLift, Functor.map, pure, LeanRV64DExecutable.readReg,
    Sail.ConcurrencyInterfaceV1.PreSail.readReg, get, getThe, MonadStateOf.get, EStateM.get, hmstatus, hpriv]

Note: This linter can be disabled with `set_option linter.unusedSimpArgs false`
warning: Vsa/Sim/ExecuteLoad.lean:307:64: This simp argument is unused:
  liftM

Hint: Omit it from the simp argument list.
  [apply] simp only [EStateM.bind, EStateM.pure, ExceptT.bindCont, EStateM.map, bind, ExceptT.bind, ExceptT.mk,
    ExceptT.lift, ExceptT.pure, monadLift, MonadLift.monadLift, Functor.map, pure, LeanRV64DExecutable.readReg,
    Sail.ConcurrencyInterfaceV1.PreSail.readReg, get, getThe, MonadStateOf.get, EStateM.get, hmstatus, hpriv]

Note: This linter can be disabled with `set_option linter.unusedSimpArgs false`
warning: Vsa/Sim/ExecuteLoad.lean:307:71: This simp argument is unused:
  monadLift

Hint: Omit it from the simp argument list.
  [apply] simp only [EStateM.bind, EStateM.pure, ExceptT.bindCont, EStateM.map, bind, ExceptT.bind, ExceptT.mk,
    ExceptT.lift, ExceptT.pure, liftM, MonadLift.monadLift, Functor.map, pure, LeanRV64DExecutable.readReg,
    Sail.ConcurrencyInterfaceV1.PreSail.readReg, get, getThe, MonadStateOf.get, EStateM.get, hmstatus, hpriv]

Note: This linter can be disabled with `set_option linter.unusedSimpArgs false`
warning: Vsa/Sim/ExecuteLoad.lean:308:4: This simp argument is unused:
  MonadLift.monadLift

Hint: Omit it from the simp argument list.
  [apply] simp only [EStateM.bind, EStateM.pure, ExceptT.bindCont, EStateM.map, bind, ExceptT.bind, ExceptT.mk,
    ExceptT.lift, ExceptT.pure, liftM, monadLift, Functor.map, pure, LeanRV64DExecutable.readReg,
    Sail.ConcurrencyInterfaceV1.PreSail.readReg, get, getThe, MonadStateOf.get, EStateM.get, hmstatus, hpriv]

Note: This linter can be disabled with `set_option linter.unusedSimpArgs false`
warning: Vsa/Sim/ExecuteLoad.lean:308:25: This simp argument is unused:
  Functor.map

Hint: Omit it from the simp argument list.
  [apply] simp only [EStateM.bind, EStateM.pure, ExceptT.bindCont, EStateM.map, bind, ExceptT.bind, ExceptT.mk,
    ExceptT.lift, ExceptT.pure, liftM, monadLift, MonadLift.monadLift, pure, LeanRV64DExecutable.readReg,
    Sail.ConcurrencyInterfaceV1.PreSail.readReg, get, getThe, MonadStateOf.get, EStateM.get, hmstatus, hpriv]

Note: This linter can be disabled with `set_option linter.unusedSimpArgs false`
warning: Vsa/Sim/ExecuteLoad.lean:315:15: This simp argument is unused:
  sys_misaligned_order_decreasing

Hint: Omit it from the simp argument list.
  [apply] simp only [bne, EStateM.bind, EStateM.pure, ExceptT.bindCont, EStateM.map, htm,
    show (SATPMode.Bare == SATPMode.Bare) = true from by decide, Bool.not_true, Bool.false_and, Bool.and_false,
    Bool.false_eq_true, if_false, gt_iff_lt]

Note: This linter can be disabled with `set_option linter.unusedSimpArgs false`
warning: Vsa/Sim/ExecuteLoad.lean:319:59: This simp argument is unused:
  EStateM.map

Hint: Omit it from the simp argument list.
  [apply] simp only [EStateM.pure, EStateM.bind, ExceptT.bindCont, Bool.false_eq_true, if_false]

Note: This linter can be disabled with `set_option linter.unusedSimpArgs false`
warning: Vsa/Sim/ExecuteLoad.lean:320:4: This simp argument is unused:
  Bool.false_eq_true

Hint: Omit it from the simp argument list.
  [apply] simp only [EStateM.pure, EStateM.bind, ExceptT.bindCont, EStateM.map, if_false]

Note: This linter can be disabled with `set_option linter.unusedSimpArgs false`
warning: Vsa/Sim/ExecuteLoad.lean:320:24: This simp argument is unused:
  if_false

Hint: Omit it from the simp argument list.
  [apply] simp only [EStateM.pure, EStateM.bind, ExceptT.bindCont, EStateM.map, Bool.false_eq_true]

Note: This linter can be disabled with `set_option linter.unusedSimpArgs false`
warning: Vsa/Sim/ExecuteLoad.lean:362:66: `if_false` has been deprecated: Use `ite_false` instead
warning: Vsa/Sim/ExecuteLoad.lean:362:76: `if_true` has been deprecated: Use `ite_true` instead
warning: Vsa/Sim/ExecuteLoad.lean:373:71: `if_false` has been deprecated: Use `ite_false` instead
warning: Vsa/Sim/ExecuteLoad.lean:379:24: `if_false` has been deprecated: Use `ite_false` instead
warning: Vsa/Sim/ExecuteLoad.lean:360:37: This simp argument is unused:
  EStateM.pure

Hint: Omit it from the simp argument list.
  [apply] simp only [halignv, LeanRV64DExecutable.SailME.run, LeanRV64DExecutable.SailME.throw,
    Sail.ConcurrencyInterfaceV1.PreSail.PreSailME.run, ExceptT.run, Sail.ConcurrencyInterfaceV1.PreSail.PreSailME.throw,
    bind, ExceptT.bind, ExceptT.mk, liftM, monadLift, MonadLift.monadLift, ExceptT.lift, ExceptT.bindCont, ExceptT.pure,
    Functor.map, EStateM.map, EStateM.run, EStateM.bind, pure, bits_of_virtaddr, sys_misaligned_order_decreasing,
    Functions.not, Bool.not_true, Bool.false_and, Bool.and_false, if_false, if_true, Bool.false_eq_true]

Note: This linter can be disabled with `set_option linter.unusedSimpArgs false`
warning: Vsa/Sim/ExecuteLoad.lean:362:50: This simp argument is unused:
  Bool.and_false

Hint: Omit it from the simp argument list.
  [apply] simp only [halignv, LeanRV64DExecutable.SailME.run, LeanRV64DExecutable.SailME.throw,
    Sail.ConcurrencyInterfaceV1.PreSail.PreSailME.run, ExceptT.run, Sail.ConcurrencyInterfaceV1.PreSail.PreSailME.throw,
    bind, ExceptT.bind, ExceptT.mk, liftM, monadLift, MonadLift.monadLift, ExceptT.lift, ExceptT.bindCont, ExceptT.pure,
    Functor.map, EStateM.map, EStateM.run, EStateM.bind, pure, EStateM.pure, bits_of_virtaddr,
    sys_misaligned_order_decreasing, Functions.not, Bool.not_true, Bool.false_and, if_false, if_true,
    Bool.false_eq_true]

Note: This linter can be disabled with `set_option linter.unusedSimpArgs false`
warning: Vsa/Sim/ExecuteLoad.lean:362:76: This simp argument is unused:
  if_true

Hint: Omit it from the simp argument list.
  [apply] simp only [halignv, LeanRV64DExecutable.SailME.run, LeanRV64DExecutable.SailME.throw,
    Sail.ConcurrencyInterfaceV1.PreSail.PreSailME.run, ExceptT.run, Sail.ConcurrencyInterfaceV1.PreSail.PreSailME.throw,
    bind, ExceptT.bind, ExceptT.mk, liftM, monadLift, MonadLift.monadLift, ExceptT.lift, ExceptT.bindCont, ExceptT.pure,
    Functor.map, EStateM.map, EStateM.run, EStateM.bind, pure, EStateM.pure, bits_of_virtaddr,
    sys_misaligned_order_decreasing, Functions.not, Bool.not_true, Bool.false_and, Bool.and_false, if_false,
    Bool.false_eq_true]

Note: This linter can be disabled with `set_option linter.unusedSimpArgs false`
warning: Vsa/Sim/ExecuteLoad.lean:366:10: This simp argument is unused:
  ExceptT.bind

Hint: Omit it from the simp argument list.
  [apply] simp only [EStateM.bind, EStateM.pure, ExceptT.bindCont, EStateM.map, bind, ExceptT.mk, ExceptT.lift,
    ExceptT.pure, liftM, monadLift, MonadLift.monadLift, Functor.map, pure, LeanRV64DExecutable.readReg,
    Sail.ConcurrencyInterfaceV1.PreSail.readReg, get, getThe, MonadStateOf.get, EStateM.get, hmstatus, hpriv]

Note: This linter can be disabled with `set_option linter.unusedSimpArgs false`
warning: Vsa/Sim/ExecuteLoad.lean:366:24: This simp argument is unused:
  ExceptT.mk

Hint: Omit it from the simp argument list.
  [apply] simp only [EStateM.bind, EStateM.pure, ExceptT.bindCont, EStateM.map, bind, ExceptT.bind, ExceptT.lift,
    ExceptT.pure, liftM, monadLift, MonadLift.monadLift, Functor.map, pure, LeanRV64DExecutable.readReg,
    Sail.ConcurrencyInterfaceV1.PreSail.readReg, get, getThe, MonadStateOf.get, EStateM.get, hmstatus, hpriv]

Note: This linter can be disabled with `set_option linter.unusedSimpArgs false`
warning: Vsa/Sim/ExecuteLoad.lean:366:36: This simp argument is unused:
  ExceptT.lift

Hint: Omit it from the simp argument list.
  [apply] simp only [EStateM.bind, EStateM.pure, ExceptT.bindCont, EStateM.map, bind, ExceptT.bind, ExceptT.mk,
    ExceptT.pure, liftM, monadLift, MonadLift.monadLift, Functor.map, pure, LeanRV64DExecutable.readReg,
    Sail.ConcurrencyInterfaceV1.PreSail.readReg, get, getThe, MonadStateOf.get, EStateM.get, hmstatus, hpriv]

Note: This linter can be disabled with `set_option linter.unusedSimpArgs false`
warning: Vsa/Sim/ExecuteLoad.lean:366:50: This simp argument is unused:
  ExceptT.pure

Hint: Omit it from the simp argument list.
  [apply] simp only [EStateM.bind, EStateM.pure, ExceptT.bindCont, EStateM.map, bind, ExceptT.bind, ExceptT.mk,
    ExceptT.lift, liftM, monadLift, MonadLift.monadLift, Functor.map, pure, LeanRV64DExecutable.readReg,
    Sail.ConcurrencyInterfaceV1.PreSail.readReg, get, getThe, MonadStateOf.get, EStateM.get, hmstatus, hpriv]

Note: This linter can be disabled with `set_option linter.unusedSimpArgs false`
warning: Vsa/Sim/ExecuteLoad.lean:366:64: This simp argument is unused:
  liftM

Hint: Omit it from the simp argument list.
  [apply] simp only [EStateM.bind, EStateM.pure, ExceptT.bindCont, EStateM.map, bind, ExceptT.bind, ExceptT.mk,
    ExceptT.lift, ExceptT.pure, monadLift, MonadLift.monadLift, Functor.map, pure, LeanRV64DExecutable.readReg,
    Sail.ConcurrencyInterfaceV1.PreSail.readReg, get, getThe, MonadStateOf.get, EStateM.get, hmstatus, hpriv]

Note: This linter can be disabled with `set_option linter.unusedSimpArgs false`
warning: Vsa/Sim/ExecuteLoad.lean:366:71: This simp argument is unused:
  monadLift

Hint: Omit it from the simp argument list.
  [apply] simp only [EStateM.bind, EStateM.pure, ExceptT.bindCont, EStateM.map, bind, ExceptT.bind, ExceptT.mk,
    ExceptT.lift, ExceptT.pure, liftM, MonadLift.monadLift, Functor.map, pure, LeanRV64DExecutable.readReg,
    Sail.ConcurrencyInterfaceV1.PreSail.readReg, get, getThe, MonadStateOf.get, EStateM.get, hmstatus, hpriv]

Note: This linter can be disabled with `set_option linter.unusedSimpArgs false`
warning: Vsa/Sim/ExecuteLoad.lean:367:4: This simp argument is unused:
  MonadLift.monadLift

Hint: Omit it from the simp argument list.
  [apply] simp only [EStateM.bind, EStateM.pure, ExceptT.bindCont, EStateM.map, bind, ExceptT.bind, ExceptT.mk,
    ExceptT.lift, ExceptT.pure, liftM, monadLift, Functor.map, pure, LeanRV64DExecutable.readReg,
    Sail.ConcurrencyInterfaceV1.PreSail.readReg, get, getThe, MonadStateOf.get, EStateM.get, hmstatus, hpriv]

Note: This linter can be disabled with `set_option linter.unusedSimpArgs false`
warning: Vsa/Sim/ExecuteLoad.lean:367:25: This simp argument is unused:
  Functor.map

Hint: Omit it from the simp argument list.
  [apply] simp only [EStateM.bind, EStateM.pure, ExceptT.bindCont, EStateM.map, bind, ExceptT.bind, ExceptT.mk,
    ExceptT.lift, ExceptT.pure, liftM, monadLift, MonadLift.monadLift, pure, LeanRV64DExecutable.readReg,
    Sail.ConcurrencyInterfaceV1.PreSail.readReg, get, getThe, MonadStateOf.get, EStateM.get, hmstatus, hpriv]

Note: This linter can be disabled with `set_option linter.unusedSimpArgs false`
warning: Vsa/Sim/ExecuteLoad.lean:374:15: This simp argument is unused:
  sys_misaligned_order_decreasing

Hint: Omit it from the simp argument list.
  [apply] simp only [bne, EStateM.bind, EStateM.pure, ExceptT.bindCont, EStateM.map, htm,
    show (SATPMode.Bare == SATPMode.Bare) = true from by decide, Bool.not_true, Bool.false_and, Bool.and_false,
    Bool.false_eq_true, if_false, gt_iff_lt]

Note: This linter can be disabled with `set_option linter.unusedSimpArgs false`
warning: Vsa/Sim/ExecuteLoad.lean:378:59: This simp argument is unused:
  EStateM.map

Hint: Omit it from the simp argument list.
  [apply] simp only [EStateM.pure, EStateM.bind, ExceptT.bindCont, Bool.false_eq_true, if_false]

Note: This linter can be disabled with `set_option linter.unusedSimpArgs false`
warning: Vsa/Sim/ExecuteLoad.lean:379:4: This simp argument is unused:
  Bool.false_eq_true

Hint: Omit it from the simp argument list.
  [apply] simp only [EStateM.pure, EStateM.bind, ExceptT.bindCont, EStateM.map, if_false]

Note: This linter can be disabled with `set_option linter.unusedSimpArgs false`
warning: Vsa/Sim/ExecuteLoad.lean:379:24: This simp argument is unused:
  if_false

Hint: Omit it from the simp argument list.
  [apply] simp only [EStateM.pure, EStateM.bind, ExceptT.bindCont, EStateM.map, Bool.false_eq_true]

Note: This linter can be disabled with `set_option linter.unusedSimpArgs false`
warning: Vsa/Sim/ExecuteLoad.lean:531:37: This simp argument is unused:
  EStateM.pure

Hint: Omit it from the simp argument list.
  [apply] simp only [LeanRV64DExecutable.SailME.run, Sail.ConcurrencyInterfaceV1.PreSail.PreSailME.run, ExceptT.run,
    bind, ExceptT.bind, ExceptT.mk, liftM, monadLift, MonadLift.monadLift, ExceptT.lift, ExceptT.bindCont, ExceptT.pure,
    Functor.map, EStateM.map, EStateM.run, EStateM.bind, pure]

Note: This linter can be disabled with `set_option linter.unusedSimpArgs false`
warning: Vsa/Sim/ExecuteLoad.lean:533:13: This simp argument is unused:
  EStateM.bind

Hint: Omit it from the simp argument list.
  [apply] simp only [EStateM.pure, ExceptT.bindCont, EStateM.map, Functor.map]

Note: This linter can be disabled with `set_option linter.unusedSimpArgs false`
warning: Vsa/Sim/ExecuteLoad.lean:533:41: This simp argument is unused:
  ExceptT.bindCont

Hint: Omit it from the simp argument list.
  [apply] simp only [EStateM.bind, EStateM.pure, EStateM.map, Functor.map]

Note: This linter can be disabled with `set_option linter.unusedSimpArgs false`
warning: Vsa/Sim/ExecuteLoad.lean:533:72: This simp argument is unused:
  Functor.map

Hint: Omit it from the simp argument list.
  [apply] simp only [EStateM.bind, EStateM.pure, ExceptT.bindCont, EStateM.map]

Note: This linter can be disabled with `set_option linter.unusedSimpArgs false`
warning: Vsa/Sim/ExecuteLoad.lean:685:12: `if_true` has been deprecated: Use `ite_true` instead
warning: Vsa/Sim/ExecuteLoad.lean:701:54: `if_false` has been deprecated: Use `ite_false` instead
warning: Vsa/Sim/ExecuteLoad.lean:717:34: `if_true` has been deprecated: Use `ite_true` instead
⚠ [178/700] Replayed Vsa.Sim.MemStore
warning: Vsa/Sim/MemStore.lean:150:8: `if_neg` has been deprecated: Use `ite_eq_right` instead
warning: Vsa/Sim/MemStore.lean:150:16: `if_neg` has been deprecated: Use `ite_eq_right` instead
warning: Vsa/Sim/MemStore.lean:150:24: `if_pos` has been deprecated: Use `ite_eq_left` instead
warning: Vsa/Sim/MemStore.lean:172:4: `if_false` has been deprecated: Use `ite_false` instead
warning: Vsa/Sim/MemStore.lean:172:14: `if_true` has been deprecated: Use `ite_true` instead
warning: Vsa/Sim/MemStore.lean:173:6: `if_pos` has been deprecated: Use `ite_eq_left` instead
warning: Vsa/Sim/MemStore.lean:229:66: This simp argument is unused:
  List.forM_cons

Hint: Omit it from the simp argument list.
  [apply] simp only [Functions.write_ram, PreSail.sail_mem_write, PreSail.writeBytes, PreSail.writeByte, List.ofFn,
    Fin.foldr_succ, Fin.foldr_zero, List.forM_nil, __WriteRAM_Meta, Fin.val_succ, Fin.val_zero]

Note: This linter can be disabled with `set_option linter.unusedSimpArgs false`
warning: Vsa/Sim/MemStore.lean:230:4: This simp argument is unused:
  List.forM_nil

Hint: Omit it from the simp argument list.
  [apply] simp only [Functions.write_ram, PreSail.sail_mem_write, PreSail.writeBytes, PreSail.writeByte, List.ofFn,
    Fin.foldr_succ, Fin.foldr_zero, List.forM_cons, __WriteRAM_Meta, Fin.val_succ, Fin.val_zero]

Note: This linter can be disabled with `set_option linter.unusedSimpArgs false`
warning: Vsa/Sim/MemStore.lean:230:19: This simp argument is unused:
  __WriteRAM_Meta

Hint: Omit it from the simp argument list.
  [apply] simp only [Functions.write_ram, PreSail.sail_mem_write, PreSail.writeBytes, PreSail.writeByte, List.ofFn,
    Fin.foldr_succ, Fin.foldr_zero, List.forM_cons, List.forM_nil, Fin.val_succ, Fin.val_zero]

Note: This linter can be disabled with `set_option linter.unusedSimpArgs false`
warning: Vsa/Sim/MemStore.lean:233:4: This simp argument is unused:
  get

Hint: Omit it from the simp argument list.
  [apply] simp [bind, EStateM.bind, pure, EStateM.pure, EStateM.run, modify, modifyGet, MonadStateOf.modifyGet,
    EStateM.modifyGet, getThe, MonadStateOf.get, EStateM.get]

Note: This linter can be disabled with `set_option linter.unusedSimpArgs false`
warning: Vsa/Sim/MemStore.lean:233:9: This simp argument is unused:
  getThe

Hint: Omit it from the simp argument list.
  [apply] simp [bind, EStateM.bind, pure, EStateM.pure, EStateM.run, modify, modifyGet, MonadStateOf.modifyGet,
    EStateM.modifyGet, get, MonadStateOf.get, EStateM.get]

Note: This linter can be disabled with `set_option linter.unusedSimpArgs false`
warning: Vsa/Sim/MemStore.lean:233:17: This simp argument is unused:
  MonadStateOf.get

Hint: Omit it from the simp argument list.
  [apply] simp [bind, EStateM.bind, pure, EStateM.pure, EStateM.run, modify, modifyGet, MonadStateOf.modifyGet,
    EStateM.modifyGet, get, getThe, EStateM.get]

Note: This linter can be disabled with `set_option linter.unusedSimpArgs false`
warning: Vsa/Sim/MemStore.lean:233:35: This simp argument is unused:
  EStateM.get

Hint: Omit it from the simp argument list.
  [apply] simp [bind, EStateM.bind, pure, EStateM.pure, EStateM.run, modify, modifyGet, MonadStateOf.modifyGet,
    EStateM.modifyGet, get, getThe, MonadStateOf.get]

Note: This linter can be disabled with `set_option linter.unusedSimpArgs false`
warning: Vsa/Sim/MemStore.lean:244:66: This simp argument is unused:
  List.forM_cons

Hint: Omit it from the simp argument list.
  [apply] simp only [Functions.write_ram, PreSail.sail_mem_write, PreSail.writeBytes, PreSail.writeByte, List.ofFn,
    Fin.foldr_succ, Fin.foldr_zero, List.forM_nil, __WriteRAM_Meta, Fin.val_succ, Fin.val_zero]

Note: This linter can be disabled with `set_option linter.unusedSimpArgs false`
warning: Vsa/Sim/MemStore.lean:245:4: This simp argument is unused:
  List.forM_nil

Hint: Omit it from the simp argument list.
  [apply] simp only [Functions.write_ram, PreSail.sail_mem_write, PreSail.writeBytes, PreSail.writeByte, List.ofFn,
    Fin.foldr_succ, Fin.foldr_zero, List.forM_cons, __WriteRAM_Meta, Fin.val_succ, Fin.val_zero]

Note: This linter can be disabled with `set_option linter.unusedSimpArgs false`
warning: Vsa/Sim/MemStore.lean:245:19: This simp argument is unused:
  __WriteRAM_Meta

Hint: Omit it from the simp argument list.
  [apply] simp only [Functions.write_ram, PreSail.sail_mem_write, PreSail.writeBytes, PreSail.writeByte, List.ofFn,
    Fin.foldr_succ, Fin.foldr_zero, List.forM_cons, List.forM_nil, Fin.val_succ, Fin.val_zero]

Note: This linter can be disabled with `set_option linter.unusedSimpArgs false`
warning: Vsa/Sim/MemStore.lean:248:4: This simp argument is unused:
  get

Hint: Omit it from the simp argument list.
  [apply] simp [bind, EStateM.bind, pure, EStateM.pure, EStateM.run, modify, modifyGet, MonadStateOf.modifyGet,
    EStateM.modifyGet, getThe, MonadStateOf.get, EStateM.get]

Note: This linter can be disabled with `set_option linter.unusedSimpArgs false`
warning: Vsa/Sim/MemStore.lean:248:9: This simp argument is unused:
  getThe

Hint: Omit it from the simp argument list.
  [apply] simp [bind, EStateM.bind, pure, EStateM.pure, EStateM.run, modify, modifyGet, MonadStateOf.modifyGet,
    EStateM.modifyGet, get, MonadStateOf.get, EStateM.get]

Note: This linter can be disabled with `set_option linter.unusedSimpArgs false`
warning: Vsa/Sim/MemStore.lean:248:17: This simp argument is unused:
  MonadStateOf.get

Hint: Omit it from the simp argument list.
  [apply] simp [bind, EStateM.bind, pure, EStateM.pure, EStateM.run, modify, modifyGet, MonadStateOf.modifyGet,
    EStateM.modifyGet, get, getThe, EStateM.get]

Note: This linter can be disabled with `set_option linter.unusedSimpArgs false`
warning: Vsa/Sim/MemStore.lean:248:35: This simp argument is unused:
  EStateM.get

Hint: Omit it from the simp argument list.
  [apply] simp [bind, EStateM.bind, pure, EStateM.pure, EStateM.run, modify, modifyGet, MonadStateOf.modifyGet,
    EStateM.modifyGet, get, getThe, MonadStateOf.get]

Note: This linter can be disabled with `set_option linter.unusedSimpArgs false`
warning: Vsa/Sim/MemStore.lean:261:66: This simp argument is unused:
  List.forM_cons

Hint: Omit it from the simp argument list.
  [apply] simp only [Functions.write_ram, PreSail.sail_mem_write, PreSail.writeBytes, PreSail.writeByte, List.ofFn,
    Fin.foldr_succ, Fin.foldr_zero, List.forM_nil, __WriteRAM_Meta, Fin.val_succ, Fin.val_zero]

Note: This linter can be disabled with `set_option linter.unusedSimpArgs false`
warning: Vsa/Sim/MemStore.lean:262:4: This simp argument is unused:
  List.forM_nil

Hint: Omit it from the simp argument list.
  [apply] simp only [Functions.write_ram, PreSail.sail_mem_write, PreSail.writeBytes, PreSail.writeByte, List.ofFn,
    Fin.foldr_succ, Fin.foldr_zero, List.forM_cons, __WriteRAM_Meta, Fin.val_succ, Fin.val_zero]

Note: This linter can be disabled with `set_option linter.unusedSimpArgs false`
warning: Vsa/Sim/MemStore.lean:262:19: This simp argument is unused:
  __WriteRAM_Meta

Hint: Omit it from the simp argument list.
  [apply] simp only [Functions.write_ram, PreSail.sail_mem_write, PreSail.writeBytes, PreSail.writeByte, List.ofFn,
    Fin.foldr_succ, Fin.foldr_zero, List.forM_cons, List.forM_nil, Fin.val_succ, Fin.val_zero]

Note: This linter can be disabled with `set_option linter.unusedSimpArgs false`
warning: Vsa/Sim/MemStore.lean:265:4: This simp argument is unused:
  get

Hint: Omit it from the simp argument list.
  [apply] simp [bind, EStateM.bind, pure, EStateM.pure, EStateM.run, modify, modifyGet, MonadStateOf.modifyGet,
    EStateM.modifyGet, getThe, MonadStateOf.get, EStateM.get]

Note: This linter can be disabled with `set_option linter.unusedSimpArgs false`
warning: Vsa/Sim/MemStore.lean:265:9: This simp argument is unused:
  getThe

Hint: Omit it from the simp argument list.
  [apply] simp [bind, EStateM.bind, pure, EStateM.pure, EStateM.run, modify, modifyGet, MonadStateOf.modifyGet,
    EStateM.modifyGet, get, MonadStateOf.get, EStateM.get]

Note: This linter can be disabled with `set_option linter.unusedSimpArgs false`
warning: Vsa/Sim/MemStore.lean:265:17: This simp argument is unused:
  MonadStateOf.get

Hint: Omit it from the simp argument list.
  [apply] simp [bind, EStateM.bind, pure, EStateM.pure, EStateM.run, modify, modifyGet, MonadStateOf.modifyGet,
    EStateM.modifyGet, get, getThe, EStateM.get]

Note: This linter can be disabled with `set_option linter.unusedSimpArgs false`
warning: Vsa/Sim/MemStore.lean:265:35: This simp argument is unused:
  EStateM.get

Hint: Omit it from the simp argument list.
  [apply] simp [bind, EStateM.bind, pure, EStateM.pure, EStateM.run, modify, modifyGet, MonadStateOf.modifyGet,
    EStateM.modifyGet, get, getThe, MonadStateOf.get]

Note: This linter can be disabled with `set_option linter.unusedSimpArgs false`
warning: Vsa/Sim/MemStore.lean:282:66: This simp argument is unused:
  List.forM_cons

Hint: Omit it from the simp argument list.
  [apply] simp only [Functions.write_ram, PreSail.sail_mem_write, PreSail.writeBytes, PreSail.writeByte, List.ofFn,
    Fin.foldr_succ, Fin.foldr_zero, List.forM_nil, __WriteRAM_Meta, Fin.val_succ, Fin.val_zero]

Note: This linter can be disabled with `set_option linter.unusedSimpArgs false`
warning: Vsa/Sim/MemStore.lean:283:4: This simp argument is unused:
  List.forM_nil

Hint: Omit it from the simp argument list.
  [apply] simp only [Functions.write_ram, PreSail.sail_mem_write, PreSail.writeBytes, PreSail.writeByte, List.ofFn,
    Fin.foldr_succ, Fin.foldr_zero, List.forM_cons, __WriteRAM_Meta, Fin.val_succ, Fin.val_zero]

Note: This linter can be disabled with `set_option linter.unusedSimpArgs false`
warning: Vsa/Sim/MemStore.lean:283:19: This simp argument is unused:
  __WriteRAM_Meta

Hint: Omit it from the simp argument list.
  [apply] simp only [Functions.write_ram, PreSail.sail_mem_write, PreSail.writeBytes, PreSail.writeByte, List.ofFn,
    Fin.foldr_succ, Fin.foldr_zero, List.forM_cons, List.forM_nil, Fin.val_succ, Fin.val_zero]

Note: This linter can be disabled with `set_option linter.unusedSimpArgs false`
warning: Vsa/Sim/MemStore.lean:286:4: This simp argument is unused:
  get

Hint: Omit it from the simp argument list.
  [apply] simp [bind, EStateM.bind, pure, EStateM.pure, EStateM.run, modify, modifyGet, MonadStateOf.modifyGet,
    EStateM.modifyGet, getThe, MonadStateOf.get, EStateM.get]

Note: This linter can be disabled with `set_option linter.unusedSimpArgs false`
warning: Vsa/Sim/MemStore.lean:286:9: This simp argument is unused:
  getThe

Hint: Omit it from the simp argument list.
  [apply] simp [bind, EStateM.bind, pure, EStateM.pure, EStateM.run, modify, modifyGet, MonadStateOf.modifyGet,
    EStateM.modifyGet, get, MonadStateOf.get, EStateM.get]

Note: This linter can be disabled with `set_option linter.unusedSimpArgs false`
warning: Vsa/Sim/MemStore.lean:286:17: This simp argument is unused:
  MonadStateOf.get

Hint: Omit it from the simp argument list.
  [apply] simp [bind, EStateM.bind, pure, EStateM.pure, EStateM.run, modify, modifyGet, MonadStateOf.modifyGet,
    EStateM.modifyGet, get, getThe, EStateM.get]

Note: This linter can be disabled with `set_option linter.unusedSimpArgs false`
warning: Vsa/Sim/MemStore.lean:286:35: This simp argument is unused:
  EStateM.get

Hint: Omit it from the simp argument list.
  [apply] simp [bind, EStateM.bind, pure, EStateM.pure, EStateM.run, modify, modifyGet, MonadStateOf.modifyGet,
    EStateM.modifyGet, get, getThe, MonadStateOf.get]

Note: This linter can be disabled with `set_option linter.unusedSimpArgs false`
warning: Vsa/Sim/MemStore.lean:375:48: `if_false` has been deprecated: Use `ite_false` instead
warning: Vsa/Sim/MemStore.lean:383:48: `if_true` has been deprecated: Use `ite_true` instead
warning: Vsa/Sim/MemStore.lean:385:37: `if_false` has been deprecated: Use `ite_false` instead
warning: Vsa/Sim/MemStore.lean:399:22: `if_true` has been deprecated: Use `ite_true` instead
warning: Vsa/Sim/MemStore.lean:467:48: `if_false` has been deprecated: Use `ite_false` instead
warning: Vsa/Sim/MemStore.lean:475:48: `if_true` has been deprecated: Use `ite_true` instead
warning: Vsa/Sim/MemStore.lean:477:37: `if_false` has been deprecated: Use `ite_false` instead
warning: Vsa/Sim/MemStore.lean:487:22: `if_true` has been deprecated: Use `ite_true` instead
warning: Vsa/Sim/MemStore.lean:553:48: `if_false` has been deprecated: Use `ite_false` instead
warning: Vsa/Sim/MemStore.lean:561:48: `if_true` has been deprecated: Use `ite_true` instead
warning: Vsa/Sim/MemStore.lean:563:37: `if_false` has been deprecated: Use `ite_false` instead
warning: Vsa/Sim/MemStore.lean:571:22: `if_true` has been deprecated: Use `ite_true` instead
warning: Vsa/Sim/MemStore.lean:635:48: `if_false` has been deprecated: Use `ite_false` instead
warning: Vsa/Sim/MemStore.lean:643:48: `if_true` has been deprecated: Use `ite_true` instead
warning: Vsa/Sim/MemStore.lean:645:37: `if_false` has been deprecated: Use `ite_false` instead
warning: Vsa/Sim/MemStore.lean:652:22: `if_true` has been deprecated: Use `ite_true` instead
warning: Vsa/Sim/MemStore.lean:706:13: This simp argument is unused:
  EStateM.bind

Hint: Omit it from the simp argument list.
  [apply] simp only [default_meta]

Note: This linter can be disabled with `set_option linter.unusedSimpArgs false`
warning: Vsa/Sim/MemStore.lean:888:48: `if_false` has been deprecated: Use `ite_false` instead
warning: Vsa/Sim/MemStore.lean:896:48: `if_true` has been deprecated: Use `ite_true` instead
warning: Vsa/Sim/MemStore.lean:898:30: `if_false` has been deprecated: Use `ite_false` instead
warning: Vsa/Sim/MemStore.lean:870:55: This simp argument is unused:
  write_ram_ea

Hint: Omit it from the simp argument list.
  [apply] simp only [check_pma_with_pmp_priority, write_kind_of_flags, misaligned_order,
    sys_misaligned_order_decreasing, bits_of_physaddr, LeanRV64DExecutable.SailME.run, LeanRV64DExecutable.SailME.throw,
    Sail.ConcurrencyInterfaceV1.PreSail.PreSailME.run, ExceptT.run, Sail.ConcurrencyInterfaceV1.PreSail.PreSailME.throw,
    bind, ExceptT.bind, ExceptT.mk, liftM, monadLift, MonadLift.monadLift, ExceptT.lift, ExceptT.bindCont, ExceptT.pure,
    Functor.map, EStateM.map, EStateM.run, EStateM.bind, pure, LeanRV64DExecutable.readReg,
    Sail.ConcurrencyInterfaceV1.PreSail.readReg, get, getThe, MonadStateOf.get, EStateM.get, hmstatus, hpriv]

Note: This linter can be disabled with `set_option linter.unusedSimpArgs false`
warning: Vsa/Sim/MemStore.lean:878:58: This simp argument is unused:
  hpriv

Hint: Omit it from the simp argument list.
  [apply] simp only [check_pma_with_pmp_priority, write_kind_of_flags, misaligned_order,
    sys_misaligned_order_decreasing, bits_of_physaddr, write_ram_ea, LeanRV64DExecutable.SailME.run,
    LeanRV64DExecutable.SailME.throw, Sail.ConcurrencyInterfaceV1.PreSail.PreSailME.run, ExceptT.run,
    Sail.ConcurrencyInterfaceV1.PreSail.PreSailME.throw, bind, ExceptT.bind, ExceptT.mk, liftM, monadLift,
    MonadLift.monadLift, ExceptT.lift, ExceptT.bindCont, ExceptT.pure, Functor.map, EStateM.map, EStateM.run,
    EStateM.bind, pure, LeanRV64DExecutable.readReg, Sail.ConcurrencyInterfaceV1.PreSail.readReg, get, getThe,
    MonadStateOf.get, EStateM.get, hmstatus]

Note: This linter can be disabled with `set_option linter.unusedSimpArgs false`
warning: Vsa/Sim/MemStore.lean:880:4: This simp argument is unused:
  LeanRV64DExecutable.readReg

Hint: Omit it from the simp argument list.
  [apply] simp only [EStateM.pure, EStateM.map, EStateM.bind, ExceptT.bindCont,
    Sail.ConcurrencyInterfaceV1.PreSail.readReg, get, getThe, MonadStateOf.get, EStateM.get, hmstatus, hpriv]

Note: This linter can be disabled with `set_option linter.unusedSimpArgs false`
warning: Vsa/Sim/MemStore.lean:880:33: This simp argument is unused:
  Sail.ConcurrencyInterfaceV1.PreSail.readReg

Hint: Omit it from the simp argument list.
  [apply] simp only [EStateM.pure, EStateM.map, EStateM.bind, ExceptT.bindCont, LeanRV64DExecutable.readReg, get,
    getThe, MonadStateOf.get, EStateM.get, hmstatus, hpriv]

Note: This linter can be disabled with `set_option linter.unusedSimpArgs false`
warning: Vsa/Sim/MemStore.lean:881:4: This simp argument is unused:
  get

Hint: Omit it from the simp argument list.
  [apply] simp only [EStateM.pure, EStateM.map, EStateM.bind, ExceptT.bindCont, LeanRV64DExecutable.readReg,
    Sail.ConcurrencyInterfaceV1.PreSail.readReg, getThe, MonadStateOf.get, EStateM.get, hmstatus, hpriv]

Note: This linter can be disabled with `set_option linter.unusedSimpArgs false`
warning: Vsa/Sim/MemStore.lean:881:9: This simp argument is unused:
  getThe

Hint: Omit it from the simp argument list.
  [apply] simp only [EStateM.pure, EStateM.map, EStateM.bind, ExceptT.bindCont, LeanRV64DExecutable.readReg,
    Sail.ConcurrencyInterfaceV1.PreSail.readReg, get, MonadStateOf.get, EStateM.get, hmstatus, hpriv]

Note: This linter can be disabled with `set_option linter.unusedSimpArgs false`
warning: Vsa/Sim/MemStore.lean:881:17: This simp argument is unused:
  MonadStateOf.get

Hint: Omit it from the simp argument list.
  [apply] simp only [EStateM.pure, EStateM.map, EStateM.bind, ExceptT.bindCont, LeanRV64DExecutable.readReg,
    Sail.ConcurrencyInterfaceV1.PreSail.readReg, get, getThe, EStateM.get, hmstatus, hpriv]

Note: This linter can be disabled with `set_option linter.unusedSimpArgs false`
warning: Vsa/Sim/MemStore.lean:881:48: This simp argument is unused:
  hmstatus

Hint: Omit it from the simp argument list.
  [apply] simp only [EStateM.pure, EStateM.map, EStateM.bind, ExceptT.bindCont, LeanRV64DExecutable.readReg,
    Sail.ConcurrencyInterfaceV1.PreSail.readReg, get, getThe, MonadStateOf.get, EStateM.get, hpriv]

Note: This linter can be disabled with `set_option linter.unusedSimpArgs false`
warning: Vsa/Sim/MemStore.lean:883:13: This simp argument is unused:
  EStateM.pure

Hint: Omit it from the simp argument list.
  [apply] simp only [ExceptT.bindCont, EStateM.map, EStateM.bind]

Note: This linter can be disabled with `set_option linter.unusedSimpArgs false`
warning: Vsa/Sim/MemStore.lean:898:10: This simp argument is unused:
  Bool.false_eq_true

Hint: Omit it from the simp argument list.
  [apply] simp only [ExceptT.bind, ExceptT.bindCont, ExceptT.mk, ExceptT.pure, EStateM.map, EStateM.bind, EStateM.pure,
    bind, pure, Pure.pure, LeanRV64DExecutable.assert, PreSail.assert, if_true,
    show (↑(0 : Nat) * (8 : Int)) = (0 : Int) from by decide, addInt_zero_pa', hpmp, if_false, beq_self_eq_true]

Note: This linter can be disabled with `set_option linter.unusedSimpArgs false`
warning: Vsa/Sim/MemStore.lean:898:30: This simp argument is unused:
  if_false

Hint: Omit it from the simp argument list.
  [apply] simp only [ExceptT.bind, ExceptT.bindCont, ExceptT.mk, ExceptT.pure, EStateM.map, EStateM.bind, EStateM.pure,
    bind, pure, Pure.pure, LeanRV64DExecutable.assert, PreSail.assert, if_true,
    show (↑(0 : Nat) * (8 : Int)) = (0 : Int) from by decide, addInt_zero_pa', hpmp, Bool.false_eq_true,
    beq_self_eq_true]

Note: This linter can be disabled with `set_option linter.unusedSimpArgs false`
warning: Vsa/Sim/MemStore.lean:954:48: `if_false` has been deprecated: Use `ite_false` instead
warning: Vsa/Sim/MemStore.lean:962:48: `if_true` has been deprecated: Use `ite_true` instead
warning: Vsa/Sim/MemStore.lean:964:30: `if_false` has been deprecated: Use `ite_false` instead
warning: Vsa/Sim/MemStore.lean:936:55: This simp argument is unused:
  write_ram_ea

Hint: Omit it from the simp argument list.
  [apply] simp only [check_pma_with_pmp_priority, write_kind_of_flags, misaligned_order,
    sys_misaligned_order_decreasing, bits_of_physaddr, LeanRV64DExecutable.SailME.run, LeanRV64DExecutable.SailME.throw,
    Sail.ConcurrencyInterfaceV1.PreSail.PreSailME.run, ExceptT.run, Sail.ConcurrencyInterfaceV1.PreSail.PreSailME.throw,
    bind, ExceptT.bind, ExceptT.mk, liftM, monadLift, MonadLift.monadLift, ExceptT.lift, ExceptT.bindCont, ExceptT.pure,
    Functor.map, EStateM.map, EStateM.run, EStateM.bind, pure, LeanRV64DExecutable.readReg,
    Sail.ConcurrencyInterfaceV1.PreSail.readReg, get, getThe, MonadStateOf.get, EStateM.get, hmstatus, hpriv]

Note: This linter can be disabled with `set_option linter.unusedSimpArgs false`
warning: Vsa/Sim/MemStore.lean:944:58: This simp argument is unused:
  hpriv

Hint: Omit it from the simp argument list.
  [apply] simp only [check_pma_with_pmp_priority, write_kind_of_flags, misaligned_order,
    sys_misaligned_order_decreasing, bits_of_physaddr, write_ram_ea, LeanRV64DExecutable.SailME.run,
    LeanRV64DExecutable.SailME.throw, Sail.ConcurrencyInterfaceV1.PreSail.PreSailME.run, ExceptT.run,
    Sail.ConcurrencyInterfaceV1.PreSail.PreSailME.throw, bind, ExceptT.bind, ExceptT.mk, liftM, monadLift,
    MonadLift.monadLift, ExceptT.lift, ExceptT.bindCont, ExceptT.pure, Functor.map, EStateM.map, EStateM.run,
    EStateM.bind, pure, LeanRV64DExecutable.readReg, Sail.ConcurrencyInterfaceV1.PreSail.readReg, get, getThe,
    MonadStateOf.get, EStateM.get, hmstatus]

Note: This linter can be disabled with `set_option linter.unusedSimpArgs false`
warning: Vsa/Sim/MemStore.lean:946:4: This simp argument is unused:
  LeanRV64DExecutable.readReg

Hint: Omit it from the simp argument list.
  [apply] simp only [EStateM.pure, EStateM.map, EStateM.bind, ExceptT.bindCont,
    Sail.ConcurrencyInterfaceV1.PreSail.readReg, get, getThe, MonadStateOf.get, EStateM.get, hmstatus, hpriv]

Note: This linter can be disabled with `set_option linter.unusedSimpArgs false`
warning: Vsa/Sim/MemStore.lean:946:33: This simp argument is unused:
  Sail.ConcurrencyInterfaceV1.PreSail.readReg

Hint: Omit it from the simp argument list.
  [apply] simp only [EStateM.pure, EStateM.map, EStateM.bind, ExceptT.bindCont, LeanRV64DExecutable.readReg, get,
    getThe, MonadStateOf.get, EStateM.get, hmstatus, hpriv]

Note: This linter can be disabled with `set_option linter.unusedSimpArgs false`
warning: Vsa/Sim/MemStore.lean:947:4: This simp argument is unused:
  get

Hint: Omit it from the simp argument list.
  [apply] simp only [EStateM.pure, EStateM.map, EStateM.bind, ExceptT.bindCont, LeanRV64DExecutable.readReg,
    Sail.ConcurrencyInterfaceV1.PreSail.readReg, getThe, MonadStateOf.get, EStateM.get, hmstatus, hpriv]

Note: This linter can be disabled with `set_option linter.unusedSimpArgs false`
warning: Vsa/Sim/MemStore.lean:947:9: This simp argument is unused:
  getThe

Hint: Omit it from the simp argument list.
  [apply] simp only [EStateM.pure, EStateM.map, EStateM.bind, ExceptT.bindCont, LeanRV64DExecutable.readReg,
    Sail.ConcurrencyInterfaceV1.PreSail.readReg, get, MonadStateOf.get, EStateM.get, hmstatus, hpriv]

Note: This linter can be disabled with `set_option linter.unusedSimpArgs false`
warning: Vsa/Sim/MemStore.lean:947:17: This simp argument is unused:
  MonadStateOf.get

Hint: Omit it from the simp argument list.
  [apply] simp only [EStateM.pure, EStateM.map, EStateM.bind, ExceptT.bindCont, LeanRV64DExecutable.readReg,
    Sail.ConcurrencyInterfaceV1.PreSail.readReg, get, getThe, EStateM.get, hmstatus, hpriv]

Note: This linter can be disabled with `set_option linter.unusedSimpArgs false`
warning: Vsa/Sim/MemStore.lean:947:48: This simp argument is unused:
  hmstatus

Hint: Omit it from the simp argument list.
  [apply] simp only [EStateM.pure, EStateM.map, EStateM.bind, ExceptT.bindCont, LeanRV64DExecutable.readReg,
    Sail.ConcurrencyInterfaceV1.PreSail.readReg, get, getThe, MonadStateOf.get, EStateM.get, hpriv]

Note: This linter can be disabled with `set_option linter.unusedSimpArgs false`
warning: Vsa/Sim/MemStore.lean:949:13: This simp argument is unused:
  EStateM.pure

Hint: Omit it from the simp argument list.
  [apply] simp only [ExceptT.bindCont, EStateM.map, EStateM.bind]

Note: This linter can be disabled with `set_option linter.unusedSimpArgs false`
warning: Vsa/Sim/MemStore.lean:964:10: This simp argument is unused:
  Bool.false_eq_true

Hint: Omit it from the simp argument list.
  [apply] simp only [ExceptT.bind, ExceptT.bindCont, ExceptT.mk, ExceptT.pure, EStateM.map, EStateM.bind, EStateM.pure,
    bind, pure, Pure.pure, LeanRV64DExecutable.assert, PreSail.assert, if_true,
    show (↑(0 : Nat) * (4 : Int)) = (0 : Int) from by decide, addInt_zero_pa', hpmp, if_false, beq_self_eq_true]

Note: This linter can be disabled with `set_option linter.unusedSimpArgs false`
warning: Vsa/Sim/MemStore.lean:964:30: This simp argument is unused:
  if_false

Hint: Omit it from the simp argument list.
  [apply] simp only [ExceptT.bind, ExceptT.bindCont, ExceptT.mk, ExceptT.pure, EStateM.map, EStateM.bind, EStateM.pure,
    bind, pure, Pure.pure, LeanRV64DExecutable.assert, PreSail.assert, if_true,
    show (↑(0 : Nat) * (4 : Int)) = (0 : Int) from by decide, addInt_zero_pa', hpmp, Bool.false_eq_true,
    beq_self_eq_true]

Note: This linter can be disabled with `set_option linter.unusedSimpArgs false`
warning: Vsa/Sim/MemStore.lean:1020:48: `if_false` has been deprecated: Use `ite_false` instead
warning: Vsa/Sim/MemStore.lean:1028:48: `if_true` has been deprecated: Use `ite_true` instead
warning: Vsa/Sim/MemStore.lean:1030:30: `if_false` has been deprecated: Use `ite_false` instead
warning: Vsa/Sim/MemStore.lean:1002:55: This simp argument is unused:
  write_ram_ea

Hint: Omit it from the simp argument list.
  [apply] simp only [check_pma_with_pmp_priority, write_kind_of_flags, misaligned_order,
    sys_misaligned_order_decreasing, bits_of_physaddr, LeanRV64DExecutable.SailME.run, LeanRV64DExecutable.SailME.throw,
    Sail.ConcurrencyInterfaceV1.PreSail.PreSailME.run, ExceptT.run, Sail.ConcurrencyInterfaceV1.PreSail.PreSailME.throw,
    bind, ExceptT.bind, ExceptT.mk, liftM, monadLift, MonadLift.monadLift, ExceptT.lift, ExceptT.bindCont, ExceptT.pure,
    Functor.map, EStateM.map, EStateM.run, EStateM.bind, pure, LeanRV64DExecutable.readReg,
    Sail.ConcurrencyInterfaceV1.PreSail.readReg, get, getThe, MonadStateOf.get, EStateM.get, hmstatus, hpriv]

Note: This linter can be disabled with `set_option linter.unusedSimpArgs false`
warning: Vsa/Sim/MemStore.lean:1010:58: This simp argument is unused:
  hpriv

Hint: Omit it from the simp argument list.
  [apply] simp only [check_pma_with_pmp_priority, write_kind_of_flags, misaligned_order,
    sys_misaligned_order_decreasing, bits_of_physaddr, write_ram_ea, LeanRV64DExecutable.SailME.run,
    LeanRV64DExecutable.SailME.throw, Sail.ConcurrencyInterfaceV1.PreSail.PreSailME.run, ExceptT.run,
    Sail.ConcurrencyInterfaceV1.PreSail.PreSailME.throw, bind, ExceptT.bind, ExceptT.mk, liftM, monadLift,
    MonadLift.monadLift, ExceptT.lift, ExceptT.bindCont, ExceptT.pure, Functor.map, EStateM.map, EStateM.run,
    EStateM.bind, pure, LeanRV64DExecutable.readReg, Sail.ConcurrencyInterfaceV1.PreSail.readReg, get, getThe,
    MonadStateOf.get, EStateM.get, hmstatus]

Note: This linter can be disabled with `set_option linter.unusedSimpArgs false`
warning: Vsa/Sim/MemStore.lean:1012:4: This simp argument is unused:
  LeanRV64DExecutable.readReg

Hint: Omit it from the simp argument list.
  [apply] simp only [EStateM.pure, EStateM.map, EStateM.bind, ExceptT.bindCont,
    Sail.ConcurrencyInterfaceV1.PreSail.readReg, get, getThe, MonadStateOf.get, EStateM.get, hmstatus, hpriv]

Note: This linter can be disabled with `set_option linter.unusedSimpArgs false`
warning: Vsa/Sim/MemStore.lean:1012:33: This simp argument is unused:
  Sail.ConcurrencyInterfaceV1.PreSail.readReg

Hint: Omit it from the simp argument list.
  [apply] simp only [EStateM.pure, EStateM.map, EStateM.bind, ExceptT.bindCont, LeanRV64DExecutable.readReg, get,
    getThe, MonadStateOf.get, EStateM.get, hmstatus, hpriv]

Note: This linter can be disabled with `set_option linter.unusedSimpArgs false`
warning: Vsa/Sim/MemStore.lean:1013:4: This simp argument is unused:
  get

Hint: Omit it from the simp argument list.
  [apply] simp only [EStateM.pure, EStateM.map, EStateM.bind, ExceptT.bindCont, LeanRV64DExecutable.readReg,
    Sail.ConcurrencyInterfaceV1.PreSail.readReg, getThe, MonadStateOf.get, EStateM.get, hmstatus, hpriv]

Note: This linter can be disabled with `set_option linter.unusedSimpArgs false`
warning: Vsa/Sim/MemStore.lean:1013:9: This simp argument is unused:
  getThe

Hint: Omit it from the simp argument list.
  [apply] simp only [EStateM.pure, EStateM.map, EStateM.bind, ExceptT.bindCont, LeanRV64DExecutable.readReg,
    Sail.ConcurrencyInterfaceV1.PreSail.readReg, get, MonadStateOf.get, EStateM.get, hmstatus, hpriv]

Note: This linter can be disabled with `set_option linter.unusedSimpArgs false`
warning: Vsa/Sim/MemStore.lean:1013:17: This simp argument is unused:
  MonadStateOf.get

Hint: Omit it from the simp argument list.
  [apply] simp only [EStateM.pure, EStateM.map, EStateM.bind, ExceptT.bindCont, LeanRV64DExecutable.readReg,
    Sail.ConcurrencyInterfaceV1.PreSail.readReg, get, getThe, EStateM.get, hmstatus, hpriv]

Note: This linter can be disabled with `set_option linter.unusedSimpArgs false`
warning: Vsa/Sim/MemStore.lean:1013:48: This simp argument is unused:
  hmstatus

Hint: Omit it from the simp argument list.
  [apply] simp only [EStateM.pure, EStateM.map, EStateM.bind, ExceptT.bindCont, LeanRV64DExecutable.readReg,
    Sail.ConcurrencyInterfaceV1.PreSail.readReg, get, getThe, MonadStateOf.get, EStateM.get, hpriv]

Note: This linter can be disabled with `set_option linter.unusedSimpArgs false`
warning: Vsa/Sim/MemStore.lean:1015:13: This simp argument is unused:
  EStateM.pure

Hint: Omit it from the simp argument list.
  [apply] simp only [ExceptT.bindCont, EStateM.map, EStateM.bind]

Note: This linter can be disabled with `set_option linter.unusedSimpArgs false`
warning: Vsa/Sim/MemStore.lean:1030:10: This simp argument is unused:
  Bool.false_eq_true

Hint: Omit it from the simp argument list.
  [apply] simp only [ExceptT.bind, ExceptT.bindCont, ExceptT.mk, ExceptT.pure, EStateM.map, EStateM.bind, EStateM.pure,
    bind, pure, Pure.pure, LeanRV64DExecutable.assert, PreSail.assert, if_true,
    show (↑(0 : Nat) * (2 : Int)) = (0 : Int) from by decide, addInt_zero_pa', hpmp, if_false, beq_self_eq_true]

Note: This linter can be disabled with `set_option linter.unusedSimpArgs false`
warning: Vsa/Sim/MemStore.lean:1030:30: This simp argument is unused:
  if_false

Hint: Omit it from the simp argument list.
  [apply] simp only [ExceptT.bind, ExceptT.bindCont, ExceptT.mk, ExceptT.pure, EStateM.map, EStateM.bind, EStateM.pure,
    bind, pure, Pure.pure, LeanRV64DExecutable.assert, PreSail.assert, if_true,
    show (↑(0 : Nat) * (2 : Int)) = (0 : Int) from by decide, addInt_zero_pa', hpmp, Bool.false_eq_true,
    beq_self_eq_true]

Note: This linter can be disabled with `set_option linter.unusedSimpArgs false`
warning: Vsa/Sim/MemStore.lean:1085:48: `if_false` has been deprecated: Use `ite_false` instead
warning: Vsa/Sim/MemStore.lean:1093:48: `if_true` has been deprecated: Use `ite_true` instead
warning: Vsa/Sim/MemStore.lean:1095:30: `if_false` has been deprecated: Use `ite_false` instead
warning: Vsa/Sim/MemStore.lean:1067:55: This simp argument is unused:
  write_ram_ea

Hint: Omit it from the simp argument list.
  [apply] simp only [check_pma_with_pmp_priority, write_kind_of_flags, misaligned_order,
    sys_misaligned_order_decreasing, bits_of_physaddr, LeanRV64DExecutable.SailME.run, LeanRV64DExecutable.SailME.throw,
    Sail.ConcurrencyInterfaceV1.PreSail.PreSailME.run, ExceptT.run, Sail.ConcurrencyInterfaceV1.PreSail.PreSailME.throw,
    bind, ExceptT.bind, ExceptT.mk, liftM, monadLift, MonadLift.monadLift, ExceptT.lift, ExceptT.bindCont, ExceptT.pure,
    Functor.map, EStateM.map, EStateM.run, EStateM.bind, pure, LeanRV64DExecutable.readReg,
    Sail.ConcurrencyInterfaceV1.PreSail.readReg, get, getThe, MonadStateOf.get, EStateM.get, hmstatus, hpriv]

Note: This linter can be disabled with `set_option linter.unusedSimpArgs false`
warning: Vsa/Sim/MemStore.lean:1075:58: This simp argument is unused:
  hpriv

Hint: Omit it from the simp argument list.
  [apply] simp only [check_pma_with_pmp_priority, write_kind_of_flags, misaligned_order,
    sys_misaligned_order_decreasing, bits_of_physaddr, write_ram_ea, LeanRV64DExecutable.SailME.run,
    LeanRV64DExecutable.SailME.throw, Sail.ConcurrencyInterfaceV1.PreSail.PreSailME.run, ExceptT.run,
    Sail.ConcurrencyInterfaceV1.PreSail.PreSailME.throw, bind, ExceptT.bind, ExceptT.mk, liftM, monadLift,
    MonadLift.monadLift, ExceptT.lift, ExceptT.bindCont, ExceptT.pure, Functor.map, EStateM.map, EStateM.run,
    EStateM.bind, pure, LeanRV64DExecutable.readReg, Sail.ConcurrencyInterfaceV1.PreSail.readReg, get, getThe,
    MonadStateOf.get, EStateM.get, hmstatus]

Note: This linter can be disabled with `set_option linter.unusedSimpArgs false`
warning: Vsa/Sim/MemStore.lean:1077:4: This simp argument is unused:
  LeanRV64DExecutable.readReg

Hint: Omit it from the simp argument list.
  [apply] simp only [EStateM.pure, EStateM.map, EStateM.bind, ExceptT.bindCont,
    Sail.ConcurrencyInterfaceV1.PreSail.readReg, get, getThe, MonadStateOf.get, EStateM.get, hmstatus, hpriv]

Note: This linter can be disabled with `set_option linter.unusedSimpArgs false`
warning: Vsa/Sim/MemStore.lean:1077:33: This simp argument is unused:
  Sail.ConcurrencyInterfaceV1.PreSail.readReg

Hint: Omit it from the simp argument list.
  [apply] simp only [EStateM.pure, EStateM.map, EStateM.bind, ExceptT.bindCont, LeanRV64DExecutable.readReg, get,
    getThe, MonadStateOf.get, EStateM.get, hmstatus, hpriv]

Note: This linter can be disabled with `set_option linter.unusedSimpArgs false`
warning: Vsa/Sim/MemStore.lean:1078:4: This simp argument is unused:
  get

Hint: Omit it from the simp argument list.
  [apply] simp only [EStateM.pure, EStateM.map, EStateM.bind, ExceptT.bindCont, LeanRV64DExecutable.readReg,
    Sail.ConcurrencyInterfaceV1.PreSail.readReg, getThe, MonadStateOf.get, EStateM.get, hmstatus, hpriv]

Note: This linter can be disabled with `set_option linter.unusedSimpArgs false`
warning: Vsa/Sim/MemStore.lean:1078:9: This simp argument is unused:
  getThe

Hint: Omit it from the simp argument list.
  [apply] simp only [EStateM.pure, EStateM.map, EStateM.bind, ExceptT.bindCont, LeanRV64DExecutable.readReg,
    Sail.ConcurrencyInterfaceV1.PreSail.readReg, get, MonadStateOf.get, EStateM.get, hmstatus, hpriv]

Note: This linter can be disabled with `set_option linter.unusedSimpArgs false`
warning: Vsa/Sim/MemStore.lean:1078:17: This simp argument is unused:
  MonadStateOf.get

Hint: Omit it from the simp argument list.
  [apply] simp only [EStateM.pure, EStateM.map, EStateM.bind, ExceptT.bindCont, LeanRV64DExecutable.readReg,
    Sail.ConcurrencyInterfaceV1.PreSail.readReg, get, getThe, EStateM.get, hmstatus, hpriv]

Note: This linter can be disabled with `set_option linter.unusedSimpArgs false`
warning: Vsa/Sim/MemStore.lean:1078:48: This simp argument is unused:
  hmstatus

Hint: Omit it from the simp argument list.
  [apply] simp only [EStateM.pure, EStateM.map, EStateM.bind, ExceptT.bindCont, LeanRV64DExecutable.readReg,
    Sail.ConcurrencyInterfaceV1.PreSail.readReg, get, getThe, MonadStateOf.get, EStateM.get, hpriv]

Note: This linter can be disabled with `set_option linter.unusedSimpArgs false`
warning: Vsa/Sim/MemStore.lean:1080:13: This simp argument is unused:
  EStateM.pure

Hint: Omit it from the simp argument list.
  [apply] simp only [ExceptT.bindCont, EStateM.map, EStateM.bind]

Note: This linter can be disabled with `set_option linter.unusedSimpArgs false`
warning: Vsa/Sim/MemStore.lean:1095:10: This simp argument is unused:
  Bool.false_eq_true

Hint: Omit it from the simp argument list.
  [apply] simp only [ExceptT.bind, ExceptT.bindCont, ExceptT.mk, ExceptT.pure, EStateM.map, EStateM.bind, EStateM.pure,
    bind, pure, Pure.pure, LeanRV64DExecutable.assert, PreSail.assert, if_true,
    show (↑(0 : Nat) * (1 : Int)) = (0 : Int) from by decide, addInt_zero_pa', hpmp, if_false, beq_self_eq_true]

Note: This linter can be disabled with `set_option linter.unusedSimpArgs false`
warning: Vsa/Sim/MemStore.lean:1095:30: This simp argument is unused:
  if_false

Hint: Omit it from the simp argument list.
  [apply] simp only [ExceptT.bind, ExceptT.bindCont, ExceptT.mk, ExceptT.pure, EStateM.map, EStateM.bind, EStateM.pure,
    bind, pure, Pure.pure, LeanRV64DExecutable.assert, PreSail.assert, if_true,
    show (↑(0 : Nat) * (1 : Int)) = (0 : Int) from by decide, addInt_zero_pa', hpmp, Bool.false_eq_true,
    beq_self_eq_true]

Note: This linter can be disabled with `set_option linter.unusedSimpArgs false`
warning: Vsa/Sim/MemStore.lean:1137:4: `if_false` has been deprecated: Use `ite_false` instead
warning: Vsa/Sim/MemStore.lean:1137:14: `if_true` has been deprecated: Use `ite_true` instead
warning: Vsa/Sim/MemStore.lean:1354:11: `if_true` has been deprecated: Use `ite_true` instead
warning: Vsa/Sim/MemStore.lean:1390:4: `if_true` has been deprecated: Use `ite_true` instead
warning: Vsa/Sim/MemStore.lean:1384:13: This simp argument is unused:
  EStateM.bind

Hint: Omit it from the simp argument list.
  [apply] simp only

Note: This linter can be disabled with `set_option linter.unusedSimpArgs false`
warning: Vsa/Sim/MemStore.lean:1386:13: This simp argument is unused:
  EStateM.bind

Hint: Omit it from the simp argument list.
  [apply] simp only

Note: This linter can be disabled with `set_option linter.unusedSimpArgs false`
warning: Vsa/Sim/MemStore.lean:1388:13: This simp argument is unused:
  EStateM.bind

Hint: Omit it from the simp argument list.
  [apply] simp only [EStateM.pure, show (SATPMode.Bare == SATPMode.Bare) = true from by decide, if_true,
    pm_transform_PA]

Note: This linter can be disabled with `set_option linter.unusedSimpArgs false`
warning: Vsa/Sim/MemStore.lean:1451:21: `if_true` has been deprecated: Use `ite_true` instead
warning: Vsa/Sim/MemStore.lean:1451:36: This simp argument is unused:
  EStateM.bind

Hint: Omit it from the simp argument list.
  [apply] simp only [hintra, if_true, bind, EStateM.run, pure, EStateM.pure]

Note: This linter can be disabled with `set_option linter.unusedSimpArgs false`
warning: Vsa/Sim/MemStore.lean:1477:21: `if_true` has been deprecated: Use `ite_true` instead
warning: Vsa/Sim/MemStore.lean:1477:36: This simp argument is unused:
  EStateM.bind

Hint: Omit it from the simp argument list.
  [apply] simp only [hintra, if_true, bind, EStateM.run, pure, EStateM.pure]

Note: This linter can be disabled with `set_option linter.unusedSimpArgs false`
warning: Vsa/Sim/MemStore.lean:1503:21: `if_true` has been deprecated: Use `ite_true` instead
warning: Vsa/Sim/MemStore.lean:1503:36: This simp argument is unused:
  EStateM.bind

Hint: Omit it from the simp argument list.
  [apply] simp only [hintra, if_true, bind, EStateM.run, pure, EStateM.pure]

Note: This linter can be disabled with `set_option linter.unusedSimpArgs false`
warning: Vsa/Sim/MemStore.lean:1522:21: `if_true` has been deprecated: Use `ite_true` instead
warning: Vsa/Sim/MemStore.lean:1522:36: This simp argument is unused:
  EStateM.bind

Hint: Omit it from the simp argument list.
  [apply] simp only [hintra, if_true, bind, EStateM.run, pure, EStateM.pure]

Note: This linter can be disabled with `set_option linter.unusedSimpArgs false`
warning: Vsa/Sim/MemStore.lean:1594:51: `if_false` has been deprecated: Use `ite_false` instead
warning: Vsa/Sim/MemStore.lean:1594:61: `if_true` has been deprecated: Use `ite_true` instead
warning: Vsa/Sim/MemStore.lean:1605:36: `if_false` has been deprecated: Use `ite_false` instead
warning: Vsa/Sim/MemStore.lean:1609:58: `if_true` has been deprecated: Use `ite_true` instead
warning: Vsa/Sim/MemStore.lean:1610:36: `if_false` has been deprecated: Use `ite_false` instead
warning: Vsa/Sim/MemStore.lean:1589:37: This simp argument is unused:
  EStateM.pure

Hint: Omit it from the simp argument list.
  [apply] simp only [LeanRV64DExecutable.SailME.run, LeanRV64DExecutable.SailME.throw,
    Sail.ConcurrencyInterfaceV1.PreSail.PreSailME.run, ExceptT.run, Sail.ConcurrencyInterfaceV1.PreSail.PreSailME.throw,
    bind, ExceptT.bind, ExceptT.mk, liftM, monadLift, MonadLift.monadLift, ExceptT.lift, ExceptT.bindCont, ExceptT.pure,
    Functor.map, EStateM.map, EStateM.run, EStateM.bind, pure, is_aligned_vaddr, bits_of_virtaddr,
    sys_misaligned_order_decreasing, is_store_conditional, Functions.not,
    show (!((BitVec.toNatInt a).tmod ((8 : Nat) : Int) == 0)) = false from by
        rw [show ((8 : Nat) : Int) = (8 : Int) from rfl, htmod]; rfl,
    Bool.not_true, Bool.false_and, Bool.and_false, if_false, if_true, Bool.false_eq_true]

Note: This linter can be disabled with `set_option linter.unusedSimpArgs false`
warning: Vsa/Sim/MemStore.lean:1594:4: This simp argument is unused:
  Bool.not_true

Hint: Omit it from the simp argument list.
  [apply] simp only [LeanRV64DExecutable.SailME.run, LeanRV64DExecutable.SailME.throw,
    Sail.ConcurrencyInterfaceV1.PreSail.PreSailME.run, ExceptT.run, Sail.ConcurrencyInterfaceV1.PreSail.PreSailME.throw,
    bind, ExceptT.bind, ExceptT.mk, liftM, monadLift, MonadLift.monadLift, ExceptT.lift, ExceptT.bindCont, ExceptT.pure,
    Functor.map, EStateM.map, EStateM.run, EStateM.bind, pure, EStateM.pure, is_aligned_vaddr, bits_of_virtaddr,
    sys_misaligned_order_decreasing, is_store_conditional, Functions.not,
    show (!((BitVec.toNatInt a).tmod ((8 : Nat) : Int) == 0)) = false from by
        rw [show ((8 : Nat) : Int) = (8 : Int) from rfl, htmod]; rfl,
    Bool.false_and, Bool.and_false, if_false, if_true, Bool.false_eq_true]

Note: This linter can be disabled with `set_option linter.unusedSimpArgs false`
warning: Vsa/Sim/MemStore.lean:1594:35: This simp argument is unused:
  Bool.and_false

Hint: Omit it from the simp argument list.
  [apply] simp only [LeanRV64DExecutable.SailME.run, LeanRV64DExecutable.SailME.throw,
    Sail.ConcurrencyInterfaceV1.PreSail.PreSailME.run, ExceptT.run, Sail.ConcurrencyInterfaceV1.PreSail.PreSailME.throw,
    bind, ExceptT.bind, ExceptT.mk, liftM, monadLift, MonadLift.monadLift, ExceptT.lift, ExceptT.bindCont, ExceptT.pure,
    Functor.map, EStateM.map, EStateM.run, EStateM.bind, pure, EStateM.pure, is_aligned_vaddr, bits_of_virtaddr,
    sys_misaligned_order_decreasing, is_store_conditional, Functions.not,
    show (!((BitVec.toNatInt a).tmod ((8 : Nat) : Int) == 0)) = false from by
        rw [show ((8 : Nat) : Int) = (8 : Int) from rfl, htmod]; rfl,
    Bool.not_true, Bool.false_and, if_false, if_true, Bool.false_eq_true]

Note: This linter can be disabled with `set_option linter.unusedSimpArgs false`
warning: Vsa/Sim/MemStore.lean:1594:61: This simp argument is unused:
  if_true

Hint: Omit it from the simp argument list.
  [apply] simp only [LeanRV64DExecutable.SailME.run, LeanRV64DExecutable.SailME.throw,
    Sail.ConcurrencyInterfaceV1.PreSail.PreSailME.run, ExceptT.run, Sail.ConcurrencyInterfaceV1.PreSail.PreSailME.throw,
    bind, ExceptT.bind, ExceptT.mk, liftM, monadLift, MonadLift.monadLift, ExceptT.lift, ExceptT.bindCont, ExceptT.pure,
    Functor.map, EStateM.map, EStateM.run, EStateM.bind, pure, EStateM.pure, is_aligned_vaddr, bits_of_virtaddr,
    sys_misaligned_order_decreasing, is_store_conditional, Functions.not,
    show (!((BitVec.toNatInt a).tmod ((8 : Nat) : Int) == 0)) = false from by
        rw [show ((8 : Nat) : Int) = (8 : Int) from rfl, htmod]; rfl,
    Bool.not_true, Bool.false_and, Bool.and_false, if_false, Bool.false_eq_true]

Note: This linter can be disabled with `set_option linter.unusedSimpArgs false`
warning: Vsa/Sim/MemStore.lean:1601:13: This simp argument is unused:
  bind

Hint: Omit it from the simp argument list.
  [apply] simp only [Bind.bind, EStateM.bind, EStateM.pure, ExceptT.bindCont, EStateM.map]

Note: This linter can be disabled with `set_option linter.unusedSimpArgs false`
warning: Vsa/Sim/MemStore.lean:1601:19: This simp argument is unused:
  Bind.bind

Hint: Omit it from the simp argument list.
  [apply] simp only [bind, EStateM.bind, EStateM.pure, ExceptT.bindCont, EStateM.map]

Note: This linter can be disabled with `set_option linter.unusedSimpArgs false`
warning: Vsa/Sim/MemStore.lean:1601:44: This simp argument is unused:
  EStateM.pure

Hint: Omit it from the simp argument list.
  [apply] simp only [bind, Bind.bind, EStateM.bind, ExceptT.bindCont, EStateM.map]

Note: This linter can be disabled with `set_option linter.unusedSimpArgs false`
warning: Vsa/Sim/MemStore.lean:1603:18: This simp argument is unused:
  bind

Hint: Omit it from the simp argument list.
  [apply] simp only [bne, Bind.bind, EStateM.bind, EStateM.pure, ExceptT.bindCont, EStateM.map,
    show (SATPMode.Bare != SATPMode.Bare) = false from by decide, Bool.false_and, Bool.and_false, if_false,
    Bool.false_eq_true]

Note: This linter can be disabled with `set_option linter.unusedSimpArgs false`
warning: Vsa/Sim/MemStore.lean:1603:24: This simp argument is unused:
  Bind.bind

Hint: Omit it from the simp argument list.
  [apply] simp only [bne, bind, EStateM.bind, EStateM.pure, ExceptT.bindCont, EStateM.map,
    show (SATPMode.Bare != SATPMode.Bare) = false from by decide, Bool.false_and, Bool.and_false, if_false,
    Bool.false_eq_true]

Note: This linter can be disabled with `set_option linter.unusedSimpArgs false`
warning: Vsa/Sim/MemStore.lean:1604:4: This simp argument is unused:
  show (SATPMode.Bare != SATPMode.Bare) = false from by decide

Hint: Omit it from the simp argument list.
  [apply] simp only [bne, bind, Bind.bind, EStateM.bind, EStateM.pure, ExceptT.bindCont, EStateM.map, Bool.false_and,
    Bool.and_false, if_false, Bool.false_eq_true]

Note: This linter can be disabled with `set_option linter.unusedSimpArgs false`
warning: Vsa/Sim/MemStore.lean:1605:4: This simp argument is unused:
  Bool.false_and

Hint: Omit it from the simp argument list.
  [apply] simp only [bne, bind, Bind.bind, EStateM.bind, EStateM.pure, ExceptT.bindCont, EStateM.map,
    show (SATPMode.Bare != SATPMode.Bare) = false from by decide, Bool.and_false, if_false, Bool.false_eq_true]

Note: This linter can be disabled with `set_option linter.unusedSimpArgs false`
warning: Vsa/Sim/MemStore.lean:1605:20: This simp argument is unused:
  Bool.and_false

Hint: Omit it from the simp argument list.
  [apply] simp only [bne, bind, Bind.bind, EStateM.bind, EStateM.pure, ExceptT.bindCont, EStateM.map,
    show (SATPMode.Bare != SATPMode.Bare) = false from by decide, Bool.false_and, if_false, Bool.false_eq_true]

Note: This linter can be disabled with `set_option linter.unusedSimpArgs false`
warning: Vsa/Sim/MemStore.lean:1605:36: This simp argument is unused:
  if_false

Hint: Omit it from the simp argument list.
  [apply] simp only [bne, bind, Bind.bind, EStateM.bind, EStateM.pure, ExceptT.bindCont, EStateM.map,
    show (SATPMode.Bare != SATPMode.Bare) = false from by decide, Bool.false_and, Bool.and_false, Bool.false_eq_true]

Note: This linter can be disabled with `set_option linter.unusedSimpArgs false`
warning: Vsa/Sim/MemStore.lean:1605:46: This simp argument is unused:
  Bool.false_eq_true

Hint: Omit it from the simp argument list.
  [apply] simp only [bne, bind, Bind.bind, EStateM.bind, EStateM.pure, ExceptT.bindCont, EStateM.map,
    show (SATPMode.Bare != SATPMode.Bare) = false from by decide, Bool.false_and, Bool.and_false, if_false]

Note: This linter can be disabled with `set_option linter.unusedSimpArgs false`
warning: Vsa/Sim/MemStore.lean:1607:27: This simp argument is unused:
  EStateM.pure

Hint: Omit it from the simp argument list.
  [apply] simp only [EStateM.bind, ExceptT.bindCont, EStateM.map, hze, LeanRV64DExecutable.assert, PreSail.assert,
    show ((false : Bool) == false) = true from by decide, if_true, Bool.and_false, Bool.false_and, if_false,
    Bool.false_eq_true]

Note: This linter can be disabled with `set_option linter.unusedSimpArgs false`
warning: Vsa/Sim/MemStore.lean:1610:4: This simp argument is unused:
  Bool.and_false

Hint: Omit it from the simp argument list.
  [apply] simp only [EStateM.bind, EStateM.pure, ExceptT.bindCont, EStateM.map, hze, LeanRV64DExecutable.assert,
    PreSail.assert, show ((false : Bool) == false) = true from by decide, if_true, Bool.false_and, if_false,
    Bool.false_eq_true]

Note: This linter can be disabled with `set_option linter.unusedSimpArgs false`
warning: Vsa/Sim/MemStore.lean:1610:20: This simp argument is unused:
  Bool.false_and

Hint: Omit it from the simp argument list.
  [apply] simp only [EStateM.bind, EStateM.pure, ExceptT.bindCont, EStateM.map, hze, LeanRV64DExecutable.assert,
    PreSail.assert, show ((false : Bool) == false) = true from by decide, if_true, Bool.and_false, if_false,
    Bool.false_eq_true]

Note: This linter can be disabled with `set_option linter.unusedSimpArgs false`
warning: Vsa/Sim/MemStore.lean:1610:36: This simp argument is unused:
  if_false

Hint: Omit it from the simp argument list.
  [apply] simp only [EStateM.bind, EStateM.pure, ExceptT.bindCont, EStateM.map, hze, LeanRV64DExecutable.assert,
    PreSail.assert, show ((false : Bool) == false) = true from by decide, if_true, Bool.and_false, Bool.false_and,
    Bool.false_eq_true]

Note: This linter can be disabled with `set_option linter.unusedSimpArgs false`
warning: Vsa/Sim/MemStore.lean:1610:46: This simp argument is unused:
  Bool.false_eq_true

Hint: Omit it from the simp argument list.
  [apply] simp only [EStateM.bind, EStateM.pure, ExceptT.bindCont, EStateM.map, hze, LeanRV64DExecutable.assert,
    PreSail.assert, show ((false : Bool) == false) = true from by decide, if_true, Bool.and_false, Bool.false_and,
    if_false]

Note: This linter can be disabled with `set_option linter.unusedSimpArgs false`
warning: Vsa/Sim/MemStore.lean:1611:13: This simp argument is unused:
  bind

Hint: Omit it from the simp argument list.
  [apply] simp only [Bind.bind, pure, Pure.pure, EStateM.bind, EStateM.pure, ExceptT.bindCont, EStateM.map, ite_self,
    show ((8 : Nat) : Int).toNat = 8 from by decide,
    show (!(SATPMode.Bare == SATPMode.Bare) && (0 : Int)>b0) = false from by decide]

Note: This linter can be disabled with `set_option linter.unusedSimpArgs false`
warning: Vsa/Sim/MemStore.lean:1611:19: This simp argument is unused:
  Bind.bind

Hint: Omit it from the simp argument list.
  [apply] simp only [bind, pure, Pure.pure, EStateM.bind, EStateM.pure, ExceptT.bindCont, EStateM.map, ite_self,
    show ((8 : Nat) : Int).toNat = 8 from by decide,
    show (!(SATPMode.Bare == SATPMode.Bare) && (0 : Int)>b0) = false from by decide]

Note: This linter can be disabled with `set_option linter.unusedSimpArgs false`
warning: Vsa/Sim/MemStore.lean:1615:27: This simp argument is unused:
  EStateM.pure

Hint: Omit it from the simp argument list.
  [apply] simp only [EStateM.bind, ExceptT.bindCont, EStateM.map]

Note: This linter can be disabled with `set_option linter.unusedSimpArgs false`
warning: Vsa/Sim/MemStore.lean:1630:13: This simp argument is unused:
  LeanRV64DExecutable.SailME.run

Hint: Omit it from the simp argument list.
  [apply] simp only [LeanRV64DExecutable.SailME.throw, Sail.ConcurrencyInterfaceV1.PreSail.PreSailME.run, ExceptT.run,
    Sail.ConcurrencyInterfaceV1.PreSail.PreSailME.throw, bind, ExceptT.bind, ExceptT.mk, liftM, monadLift,
    MonadLift.monadLift, ExceptT.lift, ExceptT.bindCont, ExceptT.pure, Functor.map, EStateM.map, EStateM.run,
    EStateM.bind, EStateM.pure, pure, Pure.pure, Bool.true_and, Bool.and_true]

Note: This linter can be disabled with `set_option linter.unusedSimpArgs false`
warning: Vsa/Sim/MemStore.lean:1630:45: This simp argument is unused:
  LeanRV64DExecutable.SailME.throw

Hint: Omit it from the simp argument list.
  [apply] simp only [LeanRV64DExecutable.SailME.run, Sail.ConcurrencyInterfaceV1.PreSail.PreSailME.run, ExceptT.run,
    Sail.ConcurrencyInterfaceV1.PreSail.PreSailME.throw, bind, ExceptT.bind, ExceptT.mk, liftM, monadLift,
    MonadLift.monadLift, ExceptT.lift, ExceptT.bindCont, ExceptT.pure, Functor.map, EStateM.map, EStateM.run,
    EStateM.bind, EStateM.pure, pure, Pure.pure, Bool.true_and, Bool.and_true]

Note: This linter can be disabled with `set_option linter.unusedSimpArgs false`
warning: Vsa/Sim/MemStore.lean:1631:4: This simp argument is unused:
  Sail.ConcurrencyInterfaceV1.PreSail.PreSailME.run

Hint: Omit it from the simp argument list.
  [apply] simp only [LeanRV64DExecutable.SailME.run, LeanRV64DExecutable.SailME.throw, ExceptT.run,
    Sail.ConcurrencyInterfaceV1.PreSail.PreSailME.throw, bind, ExceptT.bind, ExceptT.mk, liftM, monadLift,
    MonadLift.monadLift, ExceptT.lift, ExceptT.bindCont, ExceptT.pure, Functor.map, EStateM.map, EStateM.run,
    EStateM.bind, EStateM.pure, pure, Pure.pure, Bool.true_and, Bool.and_true]

Note: This linter can be disabled with `set_option linter.unusedSimpArgs false`
warning: Vsa/Sim/MemStore.lean:1631:55: This simp argument is unused:
  ExceptT.run

Hint: Omit it from the simp argument list.
  [apply] simp only [LeanRV64DExecutable.SailME.run, LeanRV64DExecutable.SailME.throw,
    Sail.ConcurrencyInterfaceV1.PreSail.PreSailME.run, Sail.ConcurrencyInterfaceV1.PreSail.PreSailME.throw, bind,
    ExceptT.bind, ExceptT.mk, liftM, monadLift, MonadLift.monadLift, ExceptT.lift, ExceptT.bindCont, ExceptT.pure,
    Functor.map, EStateM.map, EStateM.run, EStateM.bind, EStateM.pure, pure, Pure.pure, Bool.true_and, Bool.and_true]

Note: This linter can be disabled with `set_option linter.unusedSimpArgs false`
warning: Vsa/Sim/MemStore.lean:1632:4: This simp argument is unused:
  Sail.ConcurrencyInterfaceV1.PreSail.PreSailME.throw

Hint: Omit it from the simp argument list.
  [apply] simp only [LeanRV64DExecutable.SailME.run, LeanRV64DExecutable.SailME.throw,
    Sail.ConcurrencyInterfaceV1.PreSail.PreSailME.run, ExceptT.run, bind, ExceptT.bind, ExceptT.mk, liftM, monadLift,
    MonadLift.monadLift, ExceptT.lift, ExceptT.bindCont, ExceptT.pure, Functor.map, EStateM.map, EStateM.run,
    EStateM.bind, EStateM.pure, pure, Pure.pure, Bool.true_and, Bool.and_true]

Note: This linter can be disabled with `set_option linter.unusedSimpArgs false`
warning: Vsa/Sim/MemStore.lean:1633:4: This simp argument is unused:
  bind

Hint: Omit it from the simp argument list.
  [apply] simp only [LeanRV64DExecutable.SailME.run, LeanRV64DExecutable.SailME.throw,
    Sail.ConcurrencyInterfaceV1.PreSail.PreSailME.run, ExceptT.run, Sail.ConcurrencyInterfaceV1.PreSail.PreSailME.throw,
    ExceptT.bind, ExceptT.mk, liftM, monadLift, MonadLift.monadLift, ExceptT.lift, ExceptT.bindCont, ExceptT.pure,
    Functor.map, EStateM.map, EStateM.run, EStateM.bind, EStateM.pure, pure, Pure.pure, Bool.true_and, Bool.and_true]

Note: This linter can be disabled with `set_option linter.unusedSimpArgs false`
warning: Vsa/Sim/MemStore.lean:1633:10: This simp argument is unused:
  ExceptT.bind

Hint: Omit it from the simp argument list.
  [apply] simp only [LeanRV64DExecutable.SailME.run, LeanRV64DExecutable.SailME.throw,
    Sail.ConcurrencyInterfaceV1.PreSail.PreSailME.run, ExceptT.run, Sail.ConcurrencyInterfaceV1.PreSail.PreSailME.throw,
    bind, ExceptT.mk, liftM, monadLift, MonadLift.monadLift, ExceptT.lift, ExceptT.bindCont, ExceptT.pure, Functor.map,
    EStateM.map, EStateM.run, EStateM.bind, EStateM.pure, pure, Pure.pure, Bool.true_and, Bool.and_true]

Note: This linter can be disabled with `set_option linter.unusedSimpArgs false`
warning: Vsa/Sim/MemStore.lean:1633:24: This simp argument is unused:
  ExceptT.mk

Hint: Omit it from the simp argument list.
  [apply] simp only [LeanRV64DExecutable.SailME.run, LeanRV64DExecutable.SailME.throw,
    Sail.ConcurrencyInterfaceV1.PreSail.PreSailME.run, ExceptT.run, Sail.ConcurrencyInterfaceV1.PreSail.PreSailME.throw,
    bind, ExceptT.bind, liftM, monadLift, MonadLift.monadLift, ExceptT.lift, ExceptT.bindCont, ExceptT.pure,
    Functor.map, EStateM.map, EStateM.run, EStateM.bind, EStateM.pure, pure, Pure.pure, Bool.true_and, Bool.and_true]

Note: This linter can be disabled with `set_option linter.unusedSimpArgs false`
warning: Vsa/Sim/MemStore.lean:1633:36: This simp argument is unused:
  liftM

Hint: Omit it from the simp argument list.
  [apply] simp only [LeanRV64DExecutable.SailME.run, LeanRV64DExecutable.SailME.throw,
    Sail.ConcurrencyInterfaceV1.PreSail.PreSailME.run, ExceptT.run, Sail.ConcurrencyInterfaceV1.PreSail.PreSailME.throw,
    bind, ExceptT.bind, ExceptT.mk, monadLift, MonadLift.monadLift, ExceptT.lift, ExceptT.bindCont, ExceptT.pure,
    Functor.map, EStateM.map, EStateM.run, EStateM.bind, EStateM.pure, pure, Pure.pure, Bool.true_and, Bool.and_true]

Note: This linter can be disabled with `set_option linter.unusedSimpArgs false`
warning: Vsa/Sim/MemStore.lean:1633:43: This simp argument is unused:
  monadLift

Hint: Omit it from the simp argument list.
  [apply] simp only [LeanRV64DExecutable.SailME.run, LeanRV64DExecutable.SailME.throw,
    Sail.ConcurrencyInterfaceV1.PreSail.PreSailME.run, ExceptT.run, Sail.ConcurrencyInterfaceV1.PreSail.PreSailME.throw,
    bind, ExceptT.bind, ExceptT.mk, liftM, MonadLift.monadLift, ExceptT.lift, ExceptT.bindCont, ExceptT.pure,
    Functor.map, EStateM.map, EStateM.run, EStateM.bind, EStateM.pure, pure, Pure.pure, Bool.true_and, Bool.and_true]

Note: This linter can be disabled with `set_option linter.unusedSimpArgs false`
warning: Vsa/Sim/MemStore.lean:1633:54: This simp argument is unused:
  MonadLift.monadLift

Hint: Omit it from the simp argument list.
  [apply] simp only [LeanRV64DExecutable.SailME.run, LeanRV64DExecutable.SailME.throw,
    Sail.ConcurrencyInterfaceV1.PreSail.PreSailME.run, ExceptT.run, Sail.ConcurrencyInterfaceV1.PreSail.PreSailME.throw,
    bind, ExceptT.bind, ExceptT.mk, liftM, monadLift, ExceptT.lift, ExceptT.bindCont, ExceptT.pure, Functor.map,
    EStateM.map, EStateM.run, EStateM.bind, EStateM.pure, pure, Pure.pure, Bool.true_and, Bool.and_true]

Note: This linter can be disabled with `set_option linter.unusedSimpArgs false`
warning: Vsa/Sim/MemStore.lean:1634:4: This simp argument is unused:
  ExceptT.lift

Hint: Omit it from the simp argument list.
  [apply] simp only [LeanRV64DExecutable.SailME.run, LeanRV64DExecutable.SailME.throw,
    Sail.ConcurrencyInterfaceV1.PreSail.PreSailME.run, ExceptT.run, Sail.ConcurrencyInterfaceV1.PreSail.PreSailME.throw,
    bind, ExceptT.bind, ExceptT.mk, liftM, monadLift, MonadLift.monadLift, ExceptT.bindCont, ExceptT.pure, Functor.map,
    EStateM.map, EStateM.run, EStateM.bind, EStateM.pure, pure, Pure.pure, Bool.true_and, Bool.and_true]

Note: This linter can be disabled with `set_option linter.unusedSimpArgs false`
warning: Vsa/Sim/MemStore.lean:1634:36: This simp argument is unused:
  ExceptT.pure

Hint: Omit it from the simp argument list.
  [apply] simp only [LeanRV64DExecutable.SailME.run, LeanRV64DExecutable.SailME.throw,
    Sail.ConcurrencyInterfaceV1.PreSail.PreSailME.run, ExceptT.run, Sail.ConcurrencyInterfaceV1.PreSail.PreSailME.throw,
    bind, ExceptT.bind, ExceptT.mk, liftM, monadLift, MonadLift.monadLift, ExceptT.lift, ExceptT.bindCont, Functor.map,
    EStateM.map, EStateM.run, EStateM.bind, EStateM.pure, pure, Pure.pure, Bool.true_and, Bool.and_true]

Note: This linter can be disabled with `set_option linter.unusedSimpArgs false`
warning: Vsa/Sim/MemStore.lean:1634:50: This simp argument is unused:
  Functor.map

Hint: Omit it from the simp argument list.
  [apply] simp only [LeanRV64DExecutable.SailME.run, LeanRV64DExecutable.SailME.throw,
    Sail.ConcurrencyInterfaceV1.PreSail.PreSailME.run, ExceptT.run, Sail.ConcurrencyInterfaceV1.PreSail.PreSailME.throw,
    bind, ExceptT.bind, ExceptT.mk, liftM, monadLift, MonadLift.monadLift, ExceptT.lift, ExceptT.bindCont, ExceptT.pure,
    EStateM.map, EStateM.run, EStateM.bind, EStateM.pure, pure, Pure.pure, Bool.true_and, Bool.and_true]

Note: This linter can be disabled with `set_option linter.unusedSimpArgs false`
warning: Vsa/Sim/MemStore.lean:1634:63: This simp argument is unused:
  EStateM.map

Hint: Omit it from the simp argument list.
  [apply] simp only [LeanRV64DExecutable.SailME.run, LeanRV64DExecutable.SailME.throw,
    Sail.ConcurrencyInterfaceV1.PreSail.PreSailME.run, ExceptT.run, Sail.ConcurrencyInterfaceV1.PreSail.PreSailME.throw,
    bind, ExceptT.bind, ExceptT.mk, liftM, monadLift, MonadLift.monadLift, ExceptT.lift, ExceptT.bindCont, ExceptT.pure,
    Functor.map, EStateM.run, EStateM.bind, EStateM.pure, pure, Pure.pure, Bool.true_and, Bool.and_true]

Note: This linter can be disabled with `set_option linter.unusedSimpArgs false`
warning: Vsa/Sim/MemStore.lean:1635:4: This simp argument is unused:
  EStateM.run

Hint: Omit it from the simp argument list.
  [apply] simp only [LeanRV64DExecutable.SailME.run, LeanRV64DExecutable.SailME.throw,
    Sail.ConcurrencyInterfaceV1.PreSail.PreSailME.run, ExceptT.run, Sail.ConcurrencyInterfaceV1.PreSail.PreSailME.throw,
    bind, ExceptT.bind, ExceptT.mk, liftM, monadLift, MonadLift.monadLift, ExceptT.lift, ExceptT.bindCont, ExceptT.pure,
    Functor.map, EStateM.map, EStateM.bind, EStateM.pure, pure, Pure.pure, Bool.true_and, Bool.and_true]

Note: This linter can be disabled with `set_option linter.unusedSimpArgs false`
warning: Vsa/Sim/MemStore.lean:1690:51: `if_false` has been deprecated: Use `ite_false` instead
warning: Vsa/Sim/MemStore.lean:1690:61: `if_true` has been deprecated: Use `ite_true` instead
warning: Vsa/Sim/MemStore.lean:1701:36: `if_false` has been deprecated: Use `ite_false` instead
warning: Vsa/Sim/MemStore.lean:1705:58: `if_true` has been deprecated: Use `ite_true` instead
warning: Vsa/Sim/MemStore.lean:1706:36: `if_false` has been deprecated: Use `ite_false` instead
warning: Vsa/Sim/MemStore.lean:1685:37: This simp argument is unused:
  EStateM.pure

Hint: Omit it from the simp argument list.
  [apply] simp only [LeanRV64DExecutable.SailME.run, LeanRV64DExecutable.SailME.throw,
    Sail.ConcurrencyInterfaceV1.PreSail.PreSailME.run, ExceptT.run, Sail.ConcurrencyInterfaceV1.PreSail.PreSailME.throw,
    bind, ExceptT.bind, ExceptT.mk, liftM, monadLift, MonadLift.monadLift, ExceptT.lift, ExceptT.bindCont, ExceptT.pure,
    Functor.map, EStateM.map, EStateM.run, EStateM.bind, pure, is_aligned_vaddr, bits_of_virtaddr,
    sys_misaligned_order_decreasing, is_store_conditional, Functions.not,
    show (!((BitVec.toNatInt a).tmod ((4 : Nat) : Int) == 0)) = false from by
        rw [show ((4 : Nat) : Int) = (4 : Int) from rfl, htmod]; rfl,
    Bool.not_true, Bool.false_and, Bool.and_false, if_false, if_true, Bool.false_eq_true]

Note: This linter can be disabled with `set_option linter.unusedSimpArgs false`
warning: Vsa/Sim/MemStore.lean:1690:4: This simp argument is unused:
  Bool.not_true

Hint: Omit it from the simp argument list.
  [apply] simp only [LeanRV64DExecutable.SailME.run, LeanRV64DExecutable.SailME.throw,
    Sail.ConcurrencyInterfaceV1.PreSail.PreSailME.run, ExceptT.run, Sail.ConcurrencyInterfaceV1.PreSail.PreSailME.throw,
    bind, ExceptT.bind, ExceptT.mk, liftM, monadLift, MonadLift.monadLift, ExceptT.lift, ExceptT.bindCont, ExceptT.pure,
    Functor.map, EStateM.map, EStateM.run, EStateM.bind, pure, EStateM.pure, is_aligned_vaddr, bits_of_virtaddr,
    sys_misaligned_order_decreasing, is_store_conditional, Functions.not,
    show (!((BitVec.toNatInt a).tmod ((4 : Nat) : Int) == 0)) = false from by
        rw [show ((4 : Nat) : Int) = (4 : Int) from rfl, htmod]; rfl,
    Bool.false_and, Bool.and_false, if_false, if_true, Bool.false_eq_true]

Note: This linter can be disabled with `set_option linter.unusedSimpArgs false`
warning: Vsa/Sim/MemStore.lean:1690:35: This simp argument is unused:
  Bool.and_false

Hint: Omit it from the simp argument list.
  [apply] simp only [LeanRV64DExecutable.SailME.run, LeanRV64DExecutable.SailME.throw,
    Sail.ConcurrencyInterfaceV1.PreSail.PreSailME.run, ExceptT.run, Sail.ConcurrencyInterfaceV1.PreSail.PreSailME.throw,
    bind, ExceptT.bind, ExceptT.mk, liftM, monadLift, MonadLift.monadLift, ExceptT.lift, ExceptT.bindCont, ExceptT.pure,
    Functor.map, EStateM.map, EStateM.run, EStateM.bind, pure, EStateM.pure, is_aligned_vaddr, bits_of_virtaddr,
    sys_misaligned_order_decreasing, is_store_conditional, Functions.not,
    show (!((BitVec.toNatInt a).tmod ((4 : Nat) : Int) == 0)) = false from by
        rw [show ((4 : Nat) : Int) = (4 : Int) from rfl, htmod]; rfl,
    Bool.not_true, Bool.false_and, if_false, if_true, Bool.false_eq_true]

Note: This linter can be disabled with `set_option linter.unusedSimpArgs false`
warning: Vsa/Sim/MemStore.lean:1690:61: This simp argument is unused:
  if_true

Hint: Omit it from the simp argument list.
  [apply] simp only [LeanRV64DExecutable.SailME.run, LeanRV64DExecutable.SailME.throw,
    Sail.ConcurrencyInterfaceV1.PreSail.PreSailME.run, ExceptT.run, Sail.ConcurrencyInterfaceV1.PreSail.PreSailME.throw,
    bind, ExceptT.bind, ExceptT.mk, liftM, monadLift, MonadLift.monadLift, ExceptT.lift, ExceptT.bindCont, ExceptT.pure,
    Functor.map, EStateM.map, EStateM.run, EStateM.bind, pure, EStateM.pure, is_aligned_vaddr, bits_of_virtaddr,
    sys_misaligned_order_decreasing, is_store_conditional, Functions.not,
    show (!((BitVec.toNatInt a).tmod ((4 : Nat) : Int) == 0)) = false from by
        rw [show ((4 : Nat) : Int) = (4 : Int) from rfl, htmod]; rfl,
    Bool.not_true, Bool.false_and, Bool.and_false, if_false, Bool.false_eq_true]

Note: This linter can be disabled with `set_option linter.unusedSimpArgs false`
warning: Vsa/Sim/MemStore.lean:1697:13: This simp argument is unused:
  bind

Hint: Omit it from the simp argument list.
  [apply] simp only [Bind.bind, EStateM.bind, EStateM.pure, ExceptT.bindCont, EStateM.map]

Note: This linter can be disabled with `set_option linter.unusedSimpArgs false`
warning: Vsa/Sim/MemStore.lean:1697:19: This simp argument is unused:
  Bind.bind

Hint: Omit it from the simp argument list.
  [apply] simp only [bind, EStateM.bind, EStateM.pure, ExceptT.bindCont, EStateM.map]

Note: This linter can be disabled with `set_option linter.unusedSimpArgs false`
warning: Vsa/Sim/MemStore.lean:1697:44: This simp argument is unused:
  EStateM.pure

Hint: Omit it from the simp argument list.
  [apply] simp only [bind, Bind.bind, EStateM.bind, ExceptT.bindCont, EStateM.map]

Note: This linter can be disabled with `set_option linter.unusedSimpArgs false`
warning: Vsa/Sim/MemStore.lean:1699:18: This simp argument is unused:
  bind

Hint: Omit it from the simp argument list.
  [apply] simp only [bne, Bind.bind, EStateM.bind, EStateM.pure, ExceptT.bindCont, EStateM.map,
    show (SATPMode.Bare != SATPMode.Bare) = false from by decide, Bool.false_and, Bool.and_false, if_false,
    Bool.false_eq_true]

Note: This linter can be disabled with `set_option linter.unusedSimpArgs false`
warning: Vsa/Sim/MemStore.lean:1699:24: This simp argument is unused:
  Bind.bind

Hint: Omit it from the simp argument list.
  [apply] simp only [bne, bind, EStateM.bind, EStateM.pure, ExceptT.bindCont, EStateM.map,
    show (SATPMode.Bare != SATPMode.Bare) = false from by decide, Bool.false_and, Bool.and_false, if_false,
    Bool.false_eq_true]

Note: This linter can be disabled with `set_option linter.unusedSimpArgs false`
warning: Vsa/Sim/MemStore.lean:1700:4: This simp argument is unused:
  show (SATPMode.Bare != SATPMode.Bare) = false from by decide

Hint: Omit it from the simp argument list.
  [apply] simp only [bne, bind, Bind.bind, EStateM.bind, EStateM.pure, ExceptT.bindCont, EStateM.map, Bool.false_and,
    Bool.and_false, if_false, Bool.false_eq_true]

Note: This linter can be disabled with `set_option linter.unusedSimpArgs false`
warning: Vsa/Sim/MemStore.lean:1701:4: This simp argument is unused:
  Bool.false_and

Hint: Omit it from the simp argument list.
  [apply] simp only [bne, bind, Bind.bind, EStateM.bind, EStateM.pure, ExceptT.bindCont, EStateM.map,
    show (SATPMode.Bare != SATPMode.Bare) = false from by decide, Bool.and_false, if_false, Bool.false_eq_true]

Note: This linter can be disabled with `set_option linter.unusedSimpArgs false`
warning: Vsa/Sim/MemStore.lean:1701:20: This simp argument is unused:
  Bool.and_false

Hint: Omit it from the simp argument list.
  [apply] simp only [bne, bind, Bind.bind, EStateM.bind, EStateM.pure, ExceptT.bindCont, EStateM.map,
    show (SATPMode.Bare != SATPMode.Bare) = false from by decide, Bool.false_and, if_false, Bool.false_eq_true]

Note: This linter can be disabled with `set_option linter.unusedSimpArgs false`
warning: Vsa/Sim/MemStore.lean:1701:36: This simp argument is unused:
  if_false

Hint: Omit it from the simp argument list.
  [apply] simp only [bne, bind, Bind.bind, EStateM.bind, EStateM.pure, ExceptT.bindCont, EStateM.map,
    show (SATPMode.Bare != SATPMode.Bare) = false from by decide, Bool.false_and, Bool.and_false, Bool.false_eq_true]

Note: This linter can be disabled with `set_option linter.unusedSimpArgs false`
warning: Vsa/Sim/MemStore.lean:1701:46: This simp argument is unused:
  Bool.false_eq_true

Hint: Omit it from the simp argument list.
  [apply] simp only [bne, bind, Bind.bind, EStateM.bind, EStateM.pure, ExceptT.bindCont, EStateM.map,
    show (SATPMode.Bare != SATPMode.Bare) = false from by decide, Bool.false_and, Bool.and_false, if_false]

Note: This linter can be disabled with `set_option linter.unusedSimpArgs false`
warning: Vsa/Sim/MemStore.lean:1703:27: This simp argument is unused:
  EStateM.pure

Hint: Omit it from the simp argument list.
  [apply] simp only [EStateM.bind, ExceptT.bindCont, EStateM.map, hze, LeanRV64DExecutable.assert, PreSail.assert,
    show ((false : Bool) == false) = true from by decide, if_true, Bool.and_false, Bool.false_and, if_false,
    Bool.false_eq_true]

Note: This linter can be disabled with `set_option linter.unusedSimpArgs false`
warning: Vsa/Sim/MemStore.lean:1706:4: This simp argument is unused:
  Bool.and_false

Hint: Omit it from the simp argument list.
  [apply] simp only [EStateM.bind, EStateM.pure, ExceptT.bindCont, EStateM.map, hze, LeanRV64DExecutable.assert,
    PreSail.assert, show ((false : Bool) == false) = true from by decide, if_true, Bool.false_and, if_false,
    Bool.false_eq_true]

Note: This linter can be disabled with `set_option linter.unusedSimpArgs false`
warning: Vsa/Sim/MemStore.lean:1706:20: This simp argument is unused:
  Bool.false_and

Hint: Omit it from the simp argument list.
  [apply] simp only [EStateM.bind, EStateM.pure, ExceptT.bindCont, EStateM.map, hze, LeanRV64DExecutable.assert,
    PreSail.assert, show ((false : Bool) == false) = true from by decide, if_true, Bool.and_false, if_false,
    Bool.false_eq_true]

Note: This linter can be disabled with `set_option linter.unusedSimpArgs false`
warning: Vsa/Sim/MemStore.lean:1706:36: This simp argument is unused:
  if_false

Hint: Omit it from the simp argument list.
  [apply] simp only [EStateM.bind, EStateM.pure, ExceptT.bindCont, EStateM.map, hze, LeanRV64DExecutable.assert,
    PreSail.assert, show ((false : Bool) == false) = true from by decide, if_true, Bool.and_false, Bool.false_and,
    Bool.false_eq_true]

Note: This linter can be disabled with `set_option linter.unusedSimpArgs false`
warning: Vsa/Sim/MemStore.lean:1706:46: This simp argument is unused:
  Bool.false_eq_true

Hint: Omit it from the simp argument list.
  [apply] simp only [EStateM.bind, EStateM.pure, ExceptT.bindCont, EStateM.map, hze, LeanRV64DExecutable.assert,
    PreSail.assert, show ((false : Bool) == false) = true from by decide, if_true, Bool.and_false, Bool.false_and,
    if_false]

Note: This linter can be disabled with `set_option linter.unusedSimpArgs false`
warning: Vsa/Sim/MemStore.lean:1707:13: This simp argument is unused:
  bind

Hint: Omit it from the simp argument list.
  [apply] simp only [Bind.bind, pure, Pure.pure, EStateM.bind, EStateM.pure, ExceptT.bindCont, EStateM.map, ite_self,
    show ((4 : Nat) : Int).toNat = 4 from by decide,
    show (!(SATPMode.Bare == SATPMode.Bare) && (0 : Int)>b0) = false from by decide]

Note: This linter can be disabled with `set_option linter.unusedSimpArgs false`
warning: Vsa/Sim/MemStore.lean:1707:19: This simp argument is unused:
  Bind.bind

Hint: Omit it from the simp argument list.
  [apply] simp only [bind, pure, Pure.pure, EStateM.bind, EStateM.pure, ExceptT.bindCont, EStateM.map, ite_self,
    show ((4 : Nat) : Int).toNat = 4 from by decide,
    show (!(SATPMode.Bare == SATPMode.Bare) && (0 : Int)>b0) = false from by decide]

Note: This linter can be disabled with `set_option linter.unusedSimpArgs false`
warning: Vsa/Sim/MemStore.lean:1711:27: This simp argument is unused:
  EStateM.pure

Hint: Omit it from the simp argument list.
  [apply] simp only [EStateM.bind, ExceptT.bindCont, EStateM.map]

Note: This linter can be disabled with `set_option linter.unusedSimpArgs false`
warning: Vsa/Sim/MemStore.lean:1725:13: This simp argument is unused:
  LeanRV64DExecutable.SailME.run

Hint: Omit it from the simp argument list.
  [apply] simp only [LeanRV64DExecutable.SailME.throw, Sail.ConcurrencyInterfaceV1.PreSail.PreSailME.run, ExceptT.run,
    Sail.ConcurrencyInterfaceV1.PreSail.PreSailME.throw, bind, ExceptT.bind, ExceptT.mk, liftM, monadLift,
    MonadLift.monadLift, ExceptT.lift, ExceptT.bindCont, ExceptT.pure, Functor.map, EStateM.map, EStateM.run,
    EStateM.bind, EStateM.pure, pure, Pure.pure, Bool.true_and, Bool.and_true]

Note: This linter can be disabled with `set_option linter.unusedSimpArgs false`
warning: Vsa/Sim/MemStore.lean:1725:45: This simp argument is unused:
  LeanRV64DExecutable.SailME.throw

Hint: Omit it from the simp argument list.
  [apply] simp only [LeanRV64DExecutable.SailME.run, Sail.ConcurrencyInterfaceV1.PreSail.PreSailME.run, ExceptT.run,
    Sail.ConcurrencyInterfaceV1.PreSail.PreSailME.throw, bind, ExceptT.bind, ExceptT.mk, liftM, monadLift,
    MonadLift.monadLift, ExceptT.lift, ExceptT.bindCont, ExceptT.pure, Functor.map, EStateM.map, EStateM.run,
    EStateM.bind, EStateM.pure, pure, Pure.pure, Bool.true_and, Bool.and_true]

Note: This linter can be disabled with `set_option linter.unusedSimpArgs false`
warning: Vsa/Sim/MemStore.lean:1726:4: This simp argument is unused:
  Sail.ConcurrencyInterfaceV1.PreSail.PreSailME.run

Hint: Omit it from the simp argument list.
  [apply] simp only [LeanRV64DExecutable.SailME.run, LeanRV64DExecutable.SailME.throw, ExceptT.run,
    Sail.ConcurrencyInterfaceV1.PreSail.PreSailME.throw, bind, ExceptT.bind, ExceptT.mk, liftM, monadLift,
    MonadLift.monadLift, ExceptT.lift, ExceptT.bindCont, ExceptT.pure, Functor.map, EStateM.map, EStateM.run,
    EStateM.bind, EStateM.pure, pure, Pure.pure, Bool.true_and, Bool.and_true]

Note: This linter can be disabled with `set_option linter.unusedSimpArgs false`
warning: Vsa/Sim/MemStore.lean:1726:55: This simp argument is unused:
  ExceptT.run

Hint: Omit it from the simp argument list.
  [apply] simp only [LeanRV64DExecutable.SailME.run, LeanRV64DExecutable.SailME.throw,
    Sail.ConcurrencyInterfaceV1.PreSail.PreSailME.run, Sail.ConcurrencyInterfaceV1.PreSail.PreSailME.throw, bind,
    ExceptT.bind, ExceptT.mk, liftM, monadLift, MonadLift.monadLift, ExceptT.lift, ExceptT.bindCont, ExceptT.pure,
    Functor.map, EStateM.map, EStateM.run, EStateM.bind, EStateM.pure, pure, Pure.pure, Bool.true_and, Bool.and_true]

Note: This linter can be disabled with `set_option linter.unusedSimpArgs false`
warning: Vsa/Sim/MemStore.lean:1727:4: This simp argument is unused:
  Sail.ConcurrencyInterfaceV1.PreSail.PreSailME.throw

Hint: Omit it from the simp argument list.
  [apply] simp only [LeanRV64DExecutable.SailME.run, LeanRV64DExecutable.SailME.throw,
    Sail.ConcurrencyInterfaceV1.PreSail.PreSailME.run, ExceptT.run, bind, ExceptT.bind, ExceptT.mk, liftM, monadLift,
    MonadLift.monadLift, ExceptT.lift, ExceptT.bindCont, ExceptT.pure, Functor.map, EStateM.map, EStateM.run,
    EStateM.bind, EStateM.pure, pure, Pure.pure, Bool.true_and, Bool.and_true]

Note: This linter can be disabled with `set_option linter.unusedSimpArgs false`
warning: Vsa/Sim/MemStore.lean:1728:4: This simp argument is unused:
  bind

Hint: Omit it from the simp argument list.
  [apply] simp only [LeanRV64DExecutable.SailME.run, LeanRV64DExecutable.SailME.throw,
    Sail.ConcurrencyInterfaceV1.PreSail.PreSailME.run, ExceptT.run, Sail.ConcurrencyInterfaceV1.PreSail.PreSailME.throw,
    ExceptT.bind, ExceptT.mk, liftM, monadLift, MonadLift.monadLift, ExceptT.lift, ExceptT.bindCont, ExceptT.pure,
    Functor.map, EStateM.map, EStateM.run, EStateM.bind, EStateM.pure, pure, Pure.pure, Bool.true_and, Bool.and_true]

Note: This linter can be disabled with `set_option linter.unusedSimpArgs false`
warning: Vsa/Sim/MemStore.lean:1728:10: This simp argument is unused:
  ExceptT.bind

Hint: Omit it from the simp argument list.
  [apply] simp only [LeanRV64DExecutable.SailME.run, LeanRV64DExecutable.SailME.throw,
    Sail.ConcurrencyInterfaceV1.PreSail.PreSailME.run, ExceptT.run, Sail.ConcurrencyInterfaceV1.PreSail.PreSailME.throw,
    bind, ExceptT.mk, liftM, monadLift, MonadLift.monadLift, ExceptT.lift, ExceptT.bindCont, ExceptT.pure, Functor.map,
    EStateM.map, EStateM.run, EStateM.bind, EStateM.pure, pure, Pure.pure, Bool.true_and, Bool.and_true]

Note: This linter can be disabled with `set_option linter.unusedSimpArgs false`
warning: Vsa/Sim/MemStore.lean:1728:24: This simp argument is unused:
  ExceptT.mk

Hint: Omit it from the simp argument list.
  [apply] simp only [LeanRV64DExecutable.SailME.run, LeanRV64DExecutable.SailME.throw,
    Sail.ConcurrencyInterfaceV1.PreSail.PreSailME.run, ExceptT.run, Sail.ConcurrencyInterfaceV1.PreSail.PreSailME.throw,
    bind, ExceptT.bind, liftM, monadLift, MonadLift.monadLift, ExceptT.lift, ExceptT.bindCont, ExceptT.pure,
    Functor.map, EStateM.map, EStateM.run, EStateM.bind, EStateM.pure, pure, Pure.pure, Bool.true_and, Bool.and_true]

Note: This linter can be disabled with `set_option linter.unusedSimpArgs false`
warning: Vsa/Sim/MemStore.lean:1728:36: This simp argument is unused:
  liftM

Hint: Omit it from the simp argument list.
  [apply] simp only [LeanRV64DExecutable.SailME.run, LeanRV64DExecutable.SailME.throw,
    Sail.ConcurrencyInterfaceV1.PreSail.PreSailME.run, ExceptT.run, Sail.ConcurrencyInterfaceV1.PreSail.PreSailME.throw,
    bind, ExceptT.bind, ExceptT.mk, monadLift, MonadLift.monadLift, ExceptT.lift, ExceptT.bindCont, ExceptT.pure,
    Functor.map, EStateM.map, EStateM.run, EStateM.bind, EStateM.pure, pure, Pure.pure, Bool.true_and, Bool.and_true]

Note: This linter can be disabled with `set_option linter.unusedSimpArgs false`
warning: Vsa/Sim/MemStore.lean:1728:43: This simp argument is unused:
  monadLift

Hint: Omit it from the simp argument list.
  [apply] simp only [LeanRV64DExecutable.SailME.run, LeanRV64DExecutable.SailME.throw,
    Sail.ConcurrencyInterfaceV1.PreSail.PreSailME.run, ExceptT.run, Sail.ConcurrencyInterfaceV1.PreSail.PreSailME.throw,
    bind, ExceptT.bind, ExceptT.mk, liftM, MonadLift.monadLift, ExceptT.lift, ExceptT.bindCont, ExceptT.pure,
    Functor.map, EStateM.map, EStateM.run, EStateM.bind, EStateM.pure, pure, Pure.pure, Bool.true_and, Bool.and_true]

Note: This linter can be disabled with `set_option linter.unusedSimpArgs false`
warning: Vsa/Sim/MemStore.lean:1728:54: This simp argument is unused:
  MonadLift.monadLift

Hint: Omit it from the simp argument list.
  [apply] simp only [LeanRV64DExecutable.SailME.run, LeanRV64DExecutable.SailME.throw,
    Sail.ConcurrencyInterfaceV1.PreSail.PreSailME.run, ExceptT.run, Sail.ConcurrencyInterfaceV1.PreSail.PreSailME.throw,
    bind, ExceptT.bind, ExceptT.mk, liftM, monadLift, ExceptT.lift, ExceptT.bindCont, ExceptT.pure, Functor.map,
    EStateM.map, EStateM.run, EStateM.bind, EStateM.pure, pure, Pure.pure, Bool.true_and, Bool.and_true]

Note: This linter can be disabled with `set_option linter.unusedSimpArgs false`
warning: Vsa/Sim/MemStore.lean:1729:4: This simp argument is unused:
  ExceptT.lift

Hint: Omit it from the simp argument list.
  [apply] simp only [LeanRV64DExecutable.SailME.run, LeanRV64DExecutable.SailME.throw,
    Sail.ConcurrencyInterfaceV1.PreSail.PreSailME.run, ExceptT.run, Sail.ConcurrencyInterfaceV1.PreSail.PreSailME.throw,
    bind, ExceptT.bind, ExceptT.mk, liftM, monadLift, MonadLift.monadLift, ExceptT.bindCont, ExceptT.pure, Functor.map,
    EStateM.map, EStateM.run, EStateM.bind, EStateM.pure, pure, Pure.pure, Bool.true_and, Bool.and_true]

Note: This linter can be disabled with `set_option linter.unusedSimpArgs false`
warning: Vsa/Sim/MemStore.lean:1729:36: This simp argument is unused:
  ExceptT.pure

Hint: Omit it from the simp argument list.
  [apply] simp only [LeanRV64DExecutable.SailME.run, LeanRV64DExecutable.SailME.throw,
    Sail.ConcurrencyInterfaceV1.PreSail.PreSailME.run, ExceptT.run, Sail.ConcurrencyInterfaceV1.PreSail.PreSailME.throw,
    bind, ExceptT.bind, ExceptT.mk, liftM, monadLift, MonadLift.monadLift, ExceptT.lift, ExceptT.bindCont, Functor.map,
    EStateM.map, EStateM.run, EStateM.bind, EStateM.pure, pure, Pure.pure, Bool.true_and, Bool.and_true]

Note: This linter can be disabled with `set_option linter.unusedSimpArgs false`
warning: Vsa/Sim/MemStore.lean:1729:50: This simp argument is unused:
  Functor.map

Hint: Omit it from the simp argument list.
  [apply] simp only [LeanRV64DExecutable.SailME.run, LeanRV64DExecutable.SailME.throw,
    Sail.ConcurrencyInterfaceV1.PreSail.PreSailME.run, ExceptT.run, Sail.ConcurrencyInterfaceV1.PreSail.PreSailME.throw,
    bind, ExceptT.bind, ExceptT.mk, liftM, monadLift, MonadLift.monadLift, ExceptT.lift, ExceptT.bindCont, ExceptT.pure,
    EStateM.map, EStateM.run, EStateM.bind, EStateM.pure, pure, Pure.pure, Bool.true_and, Bool.and_true]

Note: This linter can be disabled with `set_option linter.unusedSimpArgs false`
warning: Vsa/Sim/MemStore.lean:1729:63: This simp argument is unused:
  EStateM.map

Hint: Omit it from the simp argument list.
  [apply] simp only [LeanRV64DExecutable.SailME.run, LeanRV64DExecutable.SailME.throw,
    Sail.ConcurrencyInterfaceV1.PreSail.PreSailME.run, ExceptT.run, Sail.ConcurrencyInterfaceV1.PreSail.PreSailME.throw,
    bind, ExceptT.bind, ExceptT.mk, liftM, monadLift, MonadLift.monadLift, ExceptT.lift, ExceptT.bindCont, ExceptT.pure,
    Functor.map, EStateM.run, EStateM.bind, EStateM.pure, pure, Pure.pure, Bool.true_and, Bool.and_true]

Note: This linter can be disabled with `set_option linter.unusedSimpArgs false`
warning: Vsa/Sim/MemStore.lean:1730:4: This simp argument is unused:
  EStateM.run

Hint: Omit it from the simp argument list.
  [apply] simp only [LeanRV64DExecutable.SailME.run, LeanRV64DExecutable.SailME.throw,
    Sail.ConcurrencyInterfaceV1.PreSail.PreSailME.run, ExceptT.run, Sail.ConcurrencyInterfaceV1.PreSail.PreSailME.throw,
    bind, ExceptT.bind, ExceptT.mk, liftM, monadLift, MonadLift.monadLift, ExceptT.lift, ExceptT.bindCont, ExceptT.pure,
    Functor.map, EStateM.map, EStateM.bind, EStateM.pure, pure, Pure.pure, Bool.true_and, Bool.and_true]

Note: This linter can be disabled with `set_option linter.unusedSimpArgs false`
warning: Vsa/Sim/MemStore.lean:1785:51: `if_false` has been deprecated: Use `ite_false` instead
warning: Vsa/Sim/MemStore.lean:1785:61: `if_true` has been deprecated: Use `ite_true` instead
warning: Vsa/Sim/MemStore.lean:1796:36: `if_false` has been deprecated: Use `ite_false` instead
warning: Vsa/Sim/MemStore.lean:1800:58: `if_true` has been deprecated: Use `ite_true` instead
warning: Vsa/Sim/MemStore.lean:1801:36: `if_false` has been deprecated: Use `ite_false` instead
warning: Vsa/Sim/MemStore.lean:1780:37: This simp argument is unused:
  EStateM.pure

Hint: Omit it from the simp argument list.
  [apply] simp only [LeanRV64DExecutable.SailME.run, LeanRV64DExecutable.SailME.throw,
    Sail.ConcurrencyInterfaceV1.PreSail.PreSailME.run, ExceptT.run, Sail.ConcurrencyInterfaceV1.PreSail.PreSailME.throw,
    bind, ExceptT.bind, ExceptT.mk, liftM, monadLift, MonadLift.monadLift, ExceptT.lift, ExceptT.bindCont, ExceptT.pure,
    Functor.map, EStateM.map, EStateM.run, EStateM.bind, pure, is_aligned_vaddr, bits_of_virtaddr,
    sys_misaligned_order_decreasing, is_store_conditional, Functions.not,
    show (!((BitVec.toNatInt a).tmod ((2 : Nat) : Int) == 0)) = false from by
        rw [show ((2 : Nat) : Int) = (2 : Int) from rfl, htmod]; rfl,
    Bool.not_true, Bool.false_and, Bool.and_false, if_false, if_true, Bool.false_eq_true]

Note: This linter can be disabled with `set_option linter.unusedSimpArgs false`
warning: Vsa/Sim/MemStore.lean:1785:4: This simp argument is unused:
  Bool.not_true

Hint: Omit it from the simp argument list.
  [apply] simp only [LeanRV64DExecutable.SailME.run, LeanRV64DExecutable.SailME.throw,
    Sail.ConcurrencyInterfaceV1.PreSail.PreSailME.run, ExceptT.run, Sail.ConcurrencyInterfaceV1.PreSail.PreSailME.throw,
    bind, ExceptT.bind, ExceptT.mk, liftM, monadLift, MonadLift.monadLift, ExceptT.lift, ExceptT.bindCont, ExceptT.pure,
    Functor.map, EStateM.map, EStateM.run, EStateM.bind, pure, EStateM.pure, is_aligned_vaddr, bits_of_virtaddr,
    sys_misaligned_order_decreasing, is_store_conditional, Functions.not,
    show (!((BitVec.toNatInt a).tmod ((2 : Nat) : Int) == 0)) = false from by
        rw [show ((2 : Nat) : Int) = (2 : Int) from rfl, htmod]; rfl,
    Bool.false_and, Bool.and_false, if_false, if_true, Bool.false_eq_true]

Note: This linter can be disabled with `set_option linter.unusedSimpArgs false`
warning: Vsa/Sim/MemStore.lean:1785:35: This simp argument is unused:
  Bool.and_false

Hint: Omit it from the simp argument list.
  [apply] simp only [LeanRV64DExecutable.SailME.run, LeanRV64DExecutable.SailME.throw,
    Sail.ConcurrencyInterfaceV1.PreSail.PreSailME.run, ExceptT.run, Sail.ConcurrencyInterfaceV1.PreSail.PreSailME.throw,
    bind, ExceptT.bind, ExceptT.mk, liftM, monadLift, MonadLift.monadLift, ExceptT.lift, ExceptT.bindCont, ExceptT.pure,
    Functor.map, EStateM.map, EStateM.run, EStateM.bind, pure, EStateM.pure, is_aligned_vaddr, bits_of_virtaddr,
    sys_misaligned_order_decreasing, is_store_conditional, Functions.not,
    show (!((BitVec.toNatInt a).tmod ((2 : Nat) : Int) == 0)) = false from by
        rw [show ((2 : Nat) : Int) = (2 : Int) from rfl, htmod]; rfl,
    Bool.not_true, Bool.false_and, if_false, if_true, Bool.false_eq_true]

Note: This linter can be disabled with `set_option linter.unusedSimpArgs false`
warning: Vsa/Sim/MemStore.lean:1785:61: This simp argument is unused:
  if_true

Hint: Omit it from the simp argument list.
  [apply] simp only [LeanRV64DExecutable.SailME.run, LeanRV64DExecutable.SailME.throw,
    Sail.ConcurrencyInterfaceV1.PreSail.PreSailME.run, ExceptT.run, Sail.ConcurrencyInterfaceV1.PreSail.PreSailME.throw,
    bind, ExceptT.bind, ExceptT.mk, liftM, monadLift, MonadLift.monadLift, ExceptT.lift, ExceptT.bindCont, ExceptT.pure,
    Functor.map, EStateM.map, EStateM.run, EStateM.bind, pure, EStateM.pure, is_aligned_vaddr, bits_of_virtaddr,
    sys_misaligned_order_decreasing, is_store_conditional, Functions.not,
    show (!((BitVec.toNatInt a).tmod ((2 : Nat) : Int) == 0)) = false from by
        rw [show ((2 : Nat) : Int) = (2 : Int) from rfl, htmod]; rfl,
    Bool.not_true, Bool.false_and, Bool.and_false, if_false, Bool.false_eq_true]

Note: This linter can be disabled with `set_option linter.unusedSimpArgs false`
warning: Vsa/Sim/MemStore.lean:1792:13: This simp argument is unused:
  bind

Hint: Omit it from the simp argument list.
  [apply] simp only [Bind.bind, EStateM.bind, EStateM.pure, ExceptT.bindCont, EStateM.map]

Note: This linter can be disabled with `set_option linter.unusedSimpArgs false`
warning: Vsa/Sim/MemStore.lean:1792:19: This simp argument is unused:
  Bind.bind

Hint: Omit it from the simp argument list.
  [apply] simp only [bind, EStateM.bind, EStateM.pure, ExceptT.bindCont, EStateM.map]

Note: This linter can be disabled with `set_option linter.unusedSimpArgs false`
warning: Vsa/Sim/MemStore.lean:1792:44: This simp argument is unused:
  EStateM.pure

Hint: Omit it from the simp argument list.
  [apply] simp only [bind, Bind.bind, EStateM.bind, ExceptT.bindCont, EStateM.map]

Note: This linter can be disabled with `set_option linter.unusedSimpArgs false`
warning: Vsa/Sim/MemStore.lean:1794:18: This simp argument is unused:
  bind

Hint: Omit it from the simp argument list.
  [apply] simp only [bne, Bind.bind, EStateM.bind, EStateM.pure, ExceptT.bindCont, EStateM.map,
    show (SATPMode.Bare != SATPMode.Bare) = false from by decide, Bool.false_and, Bool.and_false, if_false,
    Bool.false_eq_true]

Note: This linter can be disabled with `set_option linter.unusedSimpArgs false`
warning: Vsa/Sim/MemStore.lean:1794:24: This simp argument is unused:
  Bind.bind

Hint: Omit it from the simp argument list.
  [apply] simp only [bne, bind, EStateM.bind, EStateM.pure, ExceptT.bindCont, EStateM.map,
    show (SATPMode.Bare != SATPMode.Bare) = false from by decide, Bool.false_and, Bool.and_false, if_false,
    Bool.false_eq_true]

Note: This linter can be disabled with `set_option linter.unusedSimpArgs false`
warning: Vsa/Sim/MemStore.lean:1795:4: This simp argument is unused:
  show (SATPMode.Bare != SATPMode.Bare) = false from by decide

Hint: Omit it from the simp argument list.
  [apply] simp only [bne, bind, Bind.bind, EStateM.bind, EStateM.pure, ExceptT.bindCont, EStateM.map, Bool.false_and,
    Bool.and_false, if_false, Bool.false_eq_true]

Note: This linter can be disabled with `set_option linter.unusedSimpArgs false`
warning: Vsa/Sim/MemStore.lean:1796:4: This simp argument is unused:
  Bool.false_and

Hint: Omit it from the simp argument list.
  [apply] simp only [bne, bind, Bind.bind, EStateM.bind, EStateM.pure, ExceptT.bindCont, EStateM.map,
    show (SATPMode.Bare != SATPMode.Bare) = false from by decide, Bool.and_false, if_false, Bool.false_eq_true]

Note: This linter can be disabled with `set_option linter.unusedSimpArgs false`
warning: Vsa/Sim/MemStore.lean:1796:20: This simp argument is unused:
  Bool.and_false

Hint: Omit it from the simp argument list.
  [apply] simp only [bne, bind, Bind.bind, EStateM.bind, EStateM.pure, ExceptT.bindCont, EStateM.map,
    show (SATPMode.Bare != SATPMode.Bare) = false from by decide, Bool.false_and, if_false, Bool.false_eq_true]

Note: This linter can be disabled with `set_option linter.unusedSimpArgs false`
warning: Vsa/Sim/MemStore.lean:1796:36: This simp argument is unused:
  if_false

Hint: Omit it from the simp argument list.
  [apply] simp only [bne, bind, Bind.bind, EStateM.bind, EStateM.pure, ExceptT.bindCont, EStateM.map,
    show (SATPMode.Bare != SATPMode.Bare) = false from by decide, Bool.false_and, Bool.and_false, Bool.false_eq_true]

Note: This linter can be disabled with `set_option linter.unusedSimpArgs false`
warning: Vsa/Sim/MemStore.lean:1796:46: This simp argument is unused:
  Bool.false_eq_true

Hint: Omit it from the simp argument list.
  [apply] simp only [bne, bind, Bind.bind, EStateM.bind, EStateM.pure, ExceptT.bindCont, EStateM.map,
    show (SATPMode.Bare != SATPMode.Bare) = false from by decide, Bool.false_and, Bool.and_false, if_false]

Note: This linter can be disabled with `set_option linter.unusedSimpArgs false`
warning: Vsa/Sim/MemStore.lean:1798:27: This simp argument is unused:
  EStateM.pure

Hint: Omit it from the simp argument list.
  [apply] simp only [EStateM.bind, ExceptT.bindCont, EStateM.map, hze, LeanRV64DExecutable.assert, PreSail.assert,
    show ((false : Bool) == false) = true from by decide, if_true, Bool.and_false, Bool.false_and, if_false,
    Bool.false_eq_true]

Note: This linter can be disabled with `set_option linter.unusedSimpArgs false`
warning: Vsa/Sim/MemStore.lean:1801:4: This simp argument is unused:
  Bool.and_false

Hint: Omit it from the simp argument list.
  [apply] simp only [EStateM.bind, EStateM.pure, ExceptT.bindCont, EStateM.map, hze, LeanRV64DExecutable.assert,
    PreSail.assert, show ((false : Bool) == false) = true from by decide, if_true, Bool.false_and, if_false,
    Bool.false_eq_true]

Note: This linter can be disabled with `set_option linter.unusedSimpArgs false`
warning: Vsa/Sim/MemStore.lean:1801:20: This simp argument is unused:
  Bool.false_and

Hint: Omit it from the simp argument list.
  [apply] simp only [EStateM.bind, EStateM.pure, ExceptT.bindCont, EStateM.map, hze, LeanRV64DExecutable.assert,
    PreSail.assert, show ((false : Bool) == false) = true from by decide, if_true, Bool.and_false, if_false,
    Bool.false_eq_true]

Note: This linter can be disabled with `set_option linter.unusedSimpArgs false`
warning: Vsa/Sim/MemStore.lean:1801:36: This simp argument is unused:
  if_false

Hint: Omit it from the simp argument list.
  [apply] simp only [EStateM.bind, EStateM.pure, ExceptT.bindCont, EStateM.map, hze, LeanRV64DExecutable.assert,
    PreSail.assert, show ((false : Bool) == false) = true from by decide, if_true, Bool.and_false, Bool.false_and,
    Bool.false_eq_true]

Note: This linter can be disabled with `set_option linter.unusedSimpArgs false`
warning: Vsa/Sim/MemStore.lean:1801:46: This simp argument is unused:
  Bool.false_eq_true

Hint: Omit it from the simp argument list.
  [apply] simp only [EStateM.bind, EStateM.pure, ExceptT.bindCont, EStateM.map, hze, LeanRV64DExecutable.assert,
    PreSail.assert, show ((false : Bool) == false) = true from by decide, if_true, Bool.and_false, Bool.false_and,
    if_false]

Note: This linter can be disabled with `set_option linter.unusedSimpArgs false`
warning: Vsa/Sim/MemStore.lean:1802:13: This simp argument is unused:
  bind

Hint: Omit it from the simp argument list.
  [apply] simp only [Bind.bind, pure, Pure.pure, EStateM.bind, EStateM.pure, ExceptT.bindCont, EStateM.map, ite_self,
    show ((2 : Nat) : Int).toNat = 2 from by decide,
    show (!(SATPMode.Bare == SATPMode.Bare) && (0 : Int)>b0) = false from by decide]

Note: This linter can be disabled with `set_option linter.unusedSimpArgs false`
warning: Vsa/Sim/MemStore.lean:1802:19: This simp argument is unused:
  Bind.bind

Hint: Omit it from the simp argument list.
  [apply] simp only [bind, pure, Pure.pure, EStateM.bind, EStateM.pure, ExceptT.bindCont, EStateM.map, ite_self,
    show ((2 : Nat) : Int).toNat = 2 from by decide,
    show (!(SATPMode.Bare == SATPMode.Bare) && (0 : Int)>b0) = false from by decide]

Note: This linter can be disabled with `set_option linter.unusedSimpArgs false`
warning: Vsa/Sim/MemStore.lean:1806:27: This simp argument is unused:
  EStateM.pure

Hint: Omit it from the simp argument list.
  [apply] simp only [EStateM.bind, ExceptT.bindCont, EStateM.map]

Note: This linter can be disabled with `set_option linter.unusedSimpArgs false`
warning: Vsa/Sim/MemStore.lean:1820:13: This simp argument is unused:
  LeanRV64DExecutable.SailME.run

Hint: Omit it from the simp argument list.
  [apply] simp only [LeanRV64DExecutable.SailME.throw, Sail.ConcurrencyInterfaceV1.PreSail.PreSailME.run, ExceptT.run,
    Sail.ConcurrencyInterfaceV1.PreSail.PreSailME.throw, bind, ExceptT.bind, ExceptT.mk, liftM, monadLift,
    MonadLift.monadLift, ExceptT.lift, ExceptT.bindCont, ExceptT.pure, Functor.map, EStateM.map, EStateM.run,
    EStateM.bind, EStateM.pure, pure, Pure.pure, Bool.true_and, Bool.and_true]

Note: This linter can be disabled with `set_option linter.unusedSimpArgs false`
warning: Vsa/Sim/MemStore.lean:1820:45: This simp argument is unused:
  LeanRV64DExecutable.SailME.throw

Hint: Omit it from the simp argument list.
  [apply] simp only [LeanRV64DExecutable.SailME.run, Sail.ConcurrencyInterfaceV1.PreSail.PreSailME.run, ExceptT.run,
    Sail.ConcurrencyInterfaceV1.PreSail.PreSailME.throw, bind, ExceptT.bind, ExceptT.mk, liftM, monadLift,
    MonadLift.monadLift, ExceptT.lift, ExceptT.bindCont, ExceptT.pure, Functor.map, EStateM.map, EStateM.run,
    EStateM.bind, EStateM.pure, pure, Pure.pure, Bool.true_and, Bool.and_true]

Note: This linter can be disabled with `set_option linter.unusedSimpArgs false`
warning: Vsa/Sim/MemStore.lean:1821:4: This simp argument is unused:
  Sail.ConcurrencyInterfaceV1.PreSail.PreSailME.run

Hint: Omit it from the simp argument list.
  [apply] simp only [LeanRV64DExecutable.SailME.run, LeanRV64DExecutable.SailME.throw, ExceptT.run,
    Sail.ConcurrencyInterfaceV1.PreSail.PreSailME.throw, bind, ExceptT.bind, ExceptT.mk, liftM, monadLift,
    MonadLift.monadLift, ExceptT.lift, ExceptT.bindCont, ExceptT.pure, Functor.map, EStateM.map, EStateM.run,
    EStateM.bind, EStateM.pure, pure, Pure.pure, Bool.true_and, Bool.and_true]

Note: This linter can be disabled with `set_option linter.unusedSimpArgs false`
warning: Vsa/Sim/MemStore.lean:1821:55: This simp argument is unused:
  ExceptT.run

Hint: Omit it from the simp argument list.
  [apply] simp only [LeanRV64DExecutable.SailME.run, LeanRV64DExecutable.SailME.throw,
    Sail.ConcurrencyInterfaceV1.PreSail.PreSailME.run, Sail.ConcurrencyInterfaceV1.PreSail.PreSailME.throw, bind,
    ExceptT.bind, ExceptT.mk, liftM, monadLift, MonadLift.monadLift, ExceptT.lift, ExceptT.bindCont, ExceptT.pure,
    Functor.map, EStateM.map, EStateM.run, EStateM.bind, EStateM.pure, pure, Pure.pure, Bool.true_and, Bool.and_true]

Note: This linter can be disabled with `set_option linter.unusedSimpArgs false`
warning: Vsa/Sim/MemStore.lean:1822:4: This simp argument is unused:
  Sail.ConcurrencyInterfaceV1.PreSail.PreSailME.throw

Hint: Omit it from the simp argument list.
  [apply] simp only [LeanRV64DExecutable.SailME.run, LeanRV64DExecutable.SailME.throw,
    Sail.ConcurrencyInterfaceV1.PreSail.PreSailME.run, ExceptT.run, bind, ExceptT.bind, ExceptT.mk, liftM, monadLift,
    MonadLift.monadLift, ExceptT.lift, ExceptT.bindCont, ExceptT.pure, Functor.map, EStateM.map, EStateM.run,
    EStateM.bind, EStateM.pure, pure, Pure.pure, Bool.true_and, Bool.and_true]

Note: This linter can be disabled with `set_option linter.unusedSimpArgs false`
warning: Vsa/Sim/MemStore.lean:1823:4: This simp argument is unused:
  bind

Hint: Omit it from the simp argument list.
  [apply] simp only [LeanRV64DExecutable.SailME.run, LeanRV64DExecutable.SailME.throw,
    Sail.ConcurrencyInterfaceV1.PreSail.PreSailME.run, ExceptT.run, Sail.ConcurrencyInterfaceV1.PreSail.PreSailME.throw,
    ExceptT.bind, ExceptT.mk, liftM, monadLift, MonadLift.monadLift, ExceptT.lift, ExceptT.bindCont, ExceptT.pure,
    Functor.map, EStateM.map, EStateM.run, EStateM.bind, EStateM.pure, pure, Pure.pure, Bool.true_and, Bool.and_true]

Note: This linter can be disabled with `set_option linter.unusedSimpArgs false`
warning: Vsa/Sim/MemStore.lean:1823:10: This simp argument is unused:
  ExceptT.bind

Hint: Omit it from the simp argument list.
  [apply] simp only [LeanRV64DExecutable.SailME.run, LeanRV64DExecutable.SailME.throw,
    Sail.ConcurrencyInterfaceV1.PreSail.PreSailME.run, ExceptT.run, Sail.ConcurrencyInterfaceV1.PreSail.PreSailME.throw,
    bind, ExceptT.mk, liftM, monadLift, MonadLift.monadLift, ExceptT.lift, ExceptT.bindCont, ExceptT.pure, Functor.map,
    EStateM.map, EStateM.run, EStateM.bind, EStateM.pure, pure, Pure.pure, Bool.true_and, Bool.and_true]

Note: This linter can be disabled with `set_option linter.unusedSimpArgs false`
warning: Vsa/Sim/MemStore.lean:1823:24: This simp argument is unused:
  ExceptT.mk

Hint: Omit it from the simp argument list.
  [apply] simp only [LeanRV64DExecutable.SailME.run, LeanRV64DExecutable.SailME.throw,
    Sail.ConcurrencyInterfaceV1.PreSail.PreSailME.run, ExceptT.run, Sail.ConcurrencyInterfaceV1.PreSail.PreSailME.throw,
    bind, ExceptT.bind, liftM, monadLift, MonadLift.monadLift, ExceptT.lift, ExceptT.bindCont, ExceptT.pure,
    Functor.map, EStateM.map, EStateM.run, EStateM.bind, EStateM.pure, pure, Pure.pure, Bool.true_and, Bool.and_true]

Note: This linter can be disabled with `set_option linter.unusedSimpArgs false`
warning: Vsa/Sim/MemStore.lean:1823:36: This simp argument is unused:
  liftM

Hint: Omit it from the simp argument list.
  [apply] simp only [LeanRV64DExecutable.SailME.run, LeanRV64DExecutable.SailME.throw,
    Sail.ConcurrencyInterfaceV1.PreSail.PreSailME.run, ExceptT.run, Sail.ConcurrencyInterfaceV1.PreSail.PreSailME.throw,
    bind, ExceptT.bind, ExceptT.mk, monadLift, MonadLift.monadLift, ExceptT.lift, ExceptT.bindCont, ExceptT.pure,
    Functor.map, EStateM.map, EStateM.run, EStateM.bind, EStateM.pure, pure, Pure.pure, Bool.true_and, Bool.and_true]

Note: This linter can be disabled with `set_option linter.unusedSimpArgs false`
warning: Vsa/Sim/MemStore.lean:1823:43: This simp argument is unused:
  monadLift

Hint: Omit it from the simp argument list.
  [apply] simp only [LeanRV64DExecutable.SailME.run, LeanRV64DExecutable.SailME.throw,
    Sail.ConcurrencyInterfaceV1.PreSail.PreSailME.run, ExceptT.run, Sail.ConcurrencyInterfaceV1.PreSail.PreSailME.throw,
    bind, ExceptT.bind, ExceptT.mk, liftM, MonadLift.monadLift, ExceptT.lift, ExceptT.bindCont, ExceptT.pure,
    Functor.map, EStateM.map, EStateM.run, EStateM.bind, EStateM.pure, pure, Pure.pure, Bool.true_and, Bool.and_true]

Note: This linter can be disabled with `set_option linter.unusedSimpArgs false`
warning: Vsa/Sim/MemStore.lean:1823:54: This simp argument is unused:
  MonadLift.monadLift

Hint: Omit it from the simp argument list.
  [apply] simp only [LeanRV64DExecutable.SailME.run, LeanRV64DExecutable.SailME.throw,
    Sail.ConcurrencyInterfaceV1.PreSail.PreSailME.run, ExceptT.run, Sail.ConcurrencyInterfaceV1.PreSail.PreSailME.throw,
    bind, ExceptT.bind, ExceptT.mk, liftM, monadLift, ExceptT.lift, ExceptT.bindCont, ExceptT.pure, Functor.map,
    EStateM.map, EStateM.run, EStateM.bind, EStateM.pure, pure, Pure.pure, Bool.true_and, Bool.and_true]

Note: This linter can be disabled with `set_option linter.unusedSimpArgs false`
warning: Vsa/Sim/MemStore.lean:1824:4: This simp argument is unused:
  ExceptT.lift

Hint: Omit it from the simp argument list.
  [apply] simp only [LeanRV64DExecutable.SailME.run, LeanRV64DExecutable.SailME.throw,
    Sail.ConcurrencyInterfaceV1.PreSail.PreSailME.run, ExceptT.run, Sail.ConcurrencyInterfaceV1.PreSail.PreSailME.throw,
    bind, ExceptT.bind, ExceptT.mk, liftM, monadLift, MonadLift.monadLift, ExceptT.bindCont, ExceptT.pure, Functor.map,
    EStateM.map, EStateM.run, EStateM.bind, EStateM.pure, pure, Pure.pure, Bool.true_and, Bool.and_true]

Note: This linter can be disabled with `set_option linter.unusedSimpArgs false`
warning: Vsa/Sim/MemStore.lean:1824:36: This simp argument is unused:
  ExceptT.pure

Hint: Omit it from the simp argument list.
  [apply] simp only [LeanRV64DExecutable.SailME.run, LeanRV64DExecutable.SailME.throw,
    Sail.ConcurrencyInterfaceV1.PreSail.PreSailME.run, ExceptT.run, Sail.ConcurrencyInterfaceV1.PreSail.PreSailME.throw,
    bind, ExceptT.bind, ExceptT.mk, liftM, monadLift, MonadLift.monadLift, ExceptT.lift, ExceptT.bindCont, Functor.map,
    EStateM.map, EStateM.run, EStateM.bind, EStateM.pure, pure, Pure.pure, Bool.true_and, Bool.and_true]

Note: This linter can be disabled with `set_option linter.unusedSimpArgs false`
warning: Vsa/Sim/MemStore.lean:1824:50: This simp argument is unused:
  Functor.map

Hint: Omit it from the simp argument list.
  [apply] simp only [LeanRV64DExecutable.SailME.run, LeanRV64DExecutable.SailME.throw,
    Sail.ConcurrencyInterfaceV1.PreSail.PreSailME.run, ExceptT.run, Sail.ConcurrencyInterfaceV1.PreSail.PreSailME.throw,
    bind, ExceptT.bind, ExceptT.mk, liftM, monadLift, MonadLift.monadLift, ExceptT.lift, ExceptT.bindCont, ExceptT.pure,
    EStateM.map, EStateM.run, EStateM.bind, EStateM.pure, pure, Pure.pure, Bool.true_and, Bool.and_true]

Note: This linter can be disabled with `set_option linter.unusedSimpArgs false`
warning: Vsa/Sim/MemStore.lean:1824:63: This simp argument is unused:
  EStateM.map

Hint: Omit it from the simp argument list.
  [apply] simp only [LeanRV64DExecutable.SailME.run, LeanRV64DExecutable.SailME.throw,
    Sail.ConcurrencyInterfaceV1.PreSail.PreSailME.run, ExceptT.run, Sail.ConcurrencyInterfaceV1.PreSail.PreSailME.throw,
    bind, ExceptT.bind, ExceptT.mk, liftM, monadLift, MonadLift.monadLift, ExceptT.lift, ExceptT.bindCont, ExceptT.pure,
    Functor.map, EStateM.run, EStateM.bind, EStateM.pure, pure, Pure.pure, Bool.true_and, Bool.and_true]

Note: This linter can be disabled with `set_option linter.unusedSimpArgs false`
warning: Vsa/Sim/MemStore.lean:1825:4: This simp argument is unused:
  EStateM.run

Hint: Omit it from the simp argument list.
  [apply] simp only [LeanRV64DExecutable.SailME.run, LeanRV64DExecutable.SailME.throw,
    Sail.ConcurrencyInterfaceV1.PreSail.PreSailME.run, ExceptT.run, Sail.ConcurrencyInterfaceV1.PreSail.PreSailME.throw,
    bind, ExceptT.bind, ExceptT.mk, liftM, monadLift, MonadLift.monadLift, ExceptT.lift, ExceptT.bindCont, ExceptT.pure,
    Functor.map, EStateM.map, EStateM.bind, EStateM.pure, pure, Pure.pure, Bool.true_and, Bool.and_true]

Note: This linter can be disabled with `set_option linter.unusedSimpArgs false`
warning: Vsa/Sim/MemStore.lean:1874:21: `if_true` has been deprecated: Use `ite_true` instead
warning: Vsa/Sim/MemStore.lean:1874:36: This simp argument is unused:
  EStateM.bind

Hint: Omit it from the simp argument list.
  [apply] simp only [hintra, if_true, bind, EStateM.run, pure, EStateM.pure]

Note: This linter can be disabled with `set_option linter.unusedSimpArgs false`
warning: Vsa/Sim/MemStore.lean:1941:51: `if_false` has been deprecated: Use `ite_false` instead
warning: Vsa/Sim/MemStore.lean:1941:61: `if_true` has been deprecated: Use `ite_true` instead
warning: Vsa/Sim/MemStore.lean:1952:36: `if_false` has been deprecated: Use `ite_false` instead
warning: Vsa/Sim/MemStore.lean:1956:58: `if_true` has been deprecated: Use `ite_true` instead
warning: Vsa/Sim/MemStore.lean:1957:36: `if_false` has been deprecated: Use `ite_false` instead
warning: Vsa/Sim/MemStore.lean:1936:37: This simp argument is unused:
  EStateM.pure

Hint: Omit it from the simp argument list.
  [apply] simp only [LeanRV64DExecutable.SailME.run, LeanRV64DExecutable.SailME.throw,
    Sail.ConcurrencyInterfaceV1.PreSail.PreSailME.run, ExceptT.run, Sail.ConcurrencyInterfaceV1.PreSail.PreSailME.throw,
    bind, ExceptT.bind, ExceptT.mk, liftM, monadLift, MonadLift.monadLift, ExceptT.lift, ExceptT.bindCont, ExceptT.pure,
    Functor.map, EStateM.map, EStateM.run, EStateM.bind, pure, is_aligned_vaddr, bits_of_virtaddr,
    sys_misaligned_order_decreasing, is_store_conditional, Functions.not,
    show (!((BitVec.toNatInt a).tmod ((w : Nat) : Int) == 0)) = false from by
        rw [show ((w : Nat) : Int) = (w : Int) from rfl, htmod]; rfl,
    Bool.not_true, Bool.false_and, Bool.and_false, if_false, if_true, Bool.false_eq_true]

Note: This linter can be disabled with `set_option linter.unusedSimpArgs false`
warning: Vsa/Sim/MemStore.lean:1941:4: This simp argument is unused:
  Bool.not_true

Hint: Omit it from the simp argument list.
  [apply] simp only [LeanRV64DExecutable.SailME.run, LeanRV64DExecutable.SailME.throw,
    Sail.ConcurrencyInterfaceV1.PreSail.PreSailME.run, ExceptT.run, Sail.ConcurrencyInterfaceV1.PreSail.PreSailME.throw,
    bind, ExceptT.bind, ExceptT.mk, liftM, monadLift, MonadLift.monadLift, ExceptT.lift, ExceptT.bindCont, ExceptT.pure,
    Functor.map, EStateM.map, EStateM.run, EStateM.bind, pure, EStateM.pure, is_aligned_vaddr, bits_of_virtaddr,
    sys_misaligned_order_decreasing, is_store_conditional, Functions.not,
    show (!((BitVec.toNatInt a).tmod ((w : Nat) : Int) == 0)) = false from by
        rw [show ((w : Nat) : Int) = (w : Int) from rfl, htmod]; rfl,
    Bool.false_and, Bool.and_false, if_false, if_true, Bool.false_eq_true]

Note: This linter can be disabled with `set_option linter.unusedSimpArgs false`
warning: Vsa/Sim/MemStore.lean:1941:35: This simp argument is unused:
  Bool.and_false

Hint: Omit it from the simp argument list.
  [apply] simp only [LeanRV64DExecutable.SailME.run, LeanRV64DExecutable.SailME.throw,
    Sail.ConcurrencyInterfaceV1.PreSail.PreSailME.run, ExceptT.run, Sail.ConcurrencyInterfaceV1.PreSail.PreSailME.throw,
    bind, ExceptT.bind, ExceptT.mk, liftM, monadLift, MonadLift.monadLift, ExceptT.lift, ExceptT.bindCont, ExceptT.pure,
    Functor.map, EStateM.map, EStateM.run, EStateM.bind, pure, EStateM.pure, is_aligned_vaddr, bits_of_virtaddr,
    sys_misaligned_order_decreasing, is_store_conditional, Functions.not,
    show (!((BitVec.toNatInt a).tmod ((w : Nat) : Int) == 0)) = false from by
        rw [show ((w : Nat) : Int) = (w : Int) from rfl, htmod]; rfl,
    Bool.not_true, Bool.false_and, if_false, if_true, Bool.false_eq_true]

Note: This linter can be disabled with `set_option linter.unusedSimpArgs false`
warning: Vsa/Sim/MemStore.lean:1941:61: This simp argument is unused:
  if_true

Hint: Omit it from the simp argument list.
  [apply] simp only [LeanRV64DExecutable.SailME.run, LeanRV64DExecutable.SailME.throw,
    Sail.ConcurrencyInterfaceV1.PreSail.PreSailME.run, ExceptT.run, Sail.ConcurrencyInterfaceV1.PreSail.PreSailME.throw,
    bind, ExceptT.bind, ExceptT.mk, liftM, monadLift, MonadLift.monadLift, ExceptT.lift, ExceptT.bindCont, ExceptT.pure,
    Functor.map, EStateM.map, EStateM.run, EStateM.bind, pure, EStateM.pure, is_aligned_vaddr, bits_of_virtaddr,
    sys_misaligned_order_decreasing, is_store_conditional, Functions.not,
    show (!((BitVec.toNatInt a).tmod ((w : Nat) : Int) == 0)) = false from by
        rw [show ((w : Nat) : Int) = (w : Int) from rfl, htmod]; rfl,
    Bool.not_true, Bool.false_and, Bool.and_false, if_false, Bool.false_eq_true]

Note: This linter can be disabled with `set_option linter.unusedSimpArgs false`
warning: Vsa/Sim/MemStore.lean:1948:13: This simp argument is unused:
  bind

Hint: Omit it from the simp argument list.
  [apply] simp only [Bind.bind, EStateM.bind, EStateM.pure, ExceptT.bindCont, EStateM.map]

Note: This linter can be disabled with `set_option linter.unusedSimpArgs false`
warning: Vsa/Sim/MemStore.lean:1948:19: This simp argument is unused:
  Bind.bind

Hint: Omit it from the simp argument list.
  [apply] simp only [bind, EStateM.bind, EStateM.pure, ExceptT.bindCont, EStateM.map]

Note: This linter can be disabled with `set_option linter.unusedSimpArgs false`
warning: Vsa/Sim/MemStore.lean:1948:44: This simp argument is unused:
  EStateM.pure

Hint: Omit it from the simp argument list.
  [apply] simp only [bind, Bind.bind, EStateM.bind, ExceptT.bindCont, EStateM.map]

Note: This linter can be disabled with `set_option linter.unusedSimpArgs false`
warning: Vsa/Sim/MemStore.lean:1950:18: This simp argument is unused:
  bind

Hint: Omit it from the simp argument list.
  [apply] simp only [bne, Bind.bind, EStateM.bind, EStateM.pure, ExceptT.bindCont, EStateM.map,
    show (SATPMode.Bare != SATPMode.Bare) = false from by decide, Bool.false_and, Bool.and_false, if_false,
    Bool.false_eq_true]

Note: This linter can be disabled with `set_option linter.unusedSimpArgs false`
warning: Vsa/Sim/MemStore.lean:1950:24: This simp argument is unused:
  Bind.bind

Hint: Omit it from the simp argument list.
  [apply] simp only [bne, bind, EStateM.bind, EStateM.pure, ExceptT.bindCont, EStateM.map,
    show (SATPMode.Bare != SATPMode.Bare) = false from by decide, Bool.false_and, Bool.and_false, if_false,
    Bool.false_eq_true]

Note: This linter can be disabled with `set_option linter.unusedSimpArgs false`
warning: Vsa/Sim/MemStore.lean:1951:4: This simp argument is unused:
  show (SATPMode.Bare != SATPMode.Bare) = false from by decide

Hint: Omit it from the simp argument list.
  [apply] simp only [bne, bind, Bind.bind, EStateM.bind, EStateM.pure, ExceptT.bindCont, EStateM.map, Bool.false_and,
    Bool.and_false, if_false, Bool.false_eq_true]

Note: This linter can be disabled with `set_option linter.unusedSimpArgs false`
warning: Vsa/Sim/MemStore.lean:1952:4: This simp argument is unused:
  Bool.false_and

Hint: Omit it from the simp argument list.
  [apply] simp only [bne, bind, Bind.bind, EStateM.bind, EStateM.pure, ExceptT.bindCont, EStateM.map,
    show (SATPMode.Bare != SATPMode.Bare) = false from by decide, Bool.and_false, if_false, Bool.false_eq_true]

Note: This linter can be disabled with `set_option linter.unusedSimpArgs false`
warning: Vsa/Sim/MemStore.lean:1952:20: This simp argument is unused:
  Bool.and_false

Hint: Omit it from the simp argument list.
  [apply] simp only [bne, bind, Bind.bind, EStateM.bind, EStateM.pure, ExceptT.bindCont, EStateM.map,
    show (SATPMode.Bare != SATPMode.Bare) = false from by decide, Bool.false_and, if_false, Bool.false_eq_true]

Note: This linter can be disabled with `set_option linter.unusedSimpArgs false`
warning: Vsa/Sim/MemStore.lean:1952:36: This simp argument is unused:
  if_false

Hint: Omit it from the simp argument list.
  [apply] simp only [bne, bind, Bind.bind, EStateM.bind, EStateM.pure, ExceptT.bindCont, EStateM.map,
    show (SATPMode.Bare != SATPMode.Bare) = false from by decide, Bool.false_and, Bool.and_false, Bool.false_eq_true]

Note: This linter can be disabled with `set_option linter.unusedSimpArgs false`
warning: Vsa/Sim/MemStore.lean:1952:46: This simp argument is unused:
  Bool.false_eq_true

Hint: Omit it from the simp argument list.
  [apply] simp only [bne, bind, Bind.bind, EStateM.bind, EStateM.pure, ExceptT.bindCont, EStateM.map,
    show (SATPMode.Bare != SATPMode.Bare) = false from by decide, Bool.false_and, Bool.and_false, if_false]

Note: This linter can be disabled with `set_option linter.unusedSimpArgs false`
warning: Vsa/Sim/MemStore.lean:1954:27: This simp argument is unused:
  EStateM.pure

Hint: Omit it from the simp argument list.
  [apply] simp only [EStateM.bind, ExceptT.bindCont, EStateM.map, hze, LeanRV64DExecutable.assert, PreSail.assert,
    show ((false : Bool) == false) = true from by decide, if_true, Bool.and_false, Bool.false_and, if_false,
    Bool.false_eq_true]

Note: This linter can be disabled with `set_option linter.unusedSimpArgs false`
warning: Vsa/Sim/MemStore.lean:1957:4: This simp argument is unused:
  Bool.and_false

Hint: Omit it from the simp argument list.
  [apply] simp only [EStateM.bind, EStateM.pure, ExceptT.bindCont, EStateM.map, hze, LeanRV64DExecutable.assert,
    PreSail.assert, show ((false : Bool) == false) = true from by decide, if_true, Bool.false_and, if_false,
    Bool.false_eq_true]

Note: This linter can be disabled with `set_option linter.unusedSimpArgs false`
warning: Vsa/Sim/MemStore.lean:1957:20: This simp argument is unused:
  Bool.false_and

Hint: Omit it from the simp argument list.
  [apply] simp only [EStateM.bind, EStateM.pure, ExceptT.bindCont, EStateM.map, hze, LeanRV64DExecutable.assert,
    PreSail.assert, show ((false : Bool) == false) = true from by decide, if_true, Bool.and_false, if_false,
    Bool.false_eq_true]

Note: This linter can be disabled with `set_option linter.unusedSimpArgs false`
warning: Vsa/Sim/MemStore.lean:1957:36: This simp argument is unused:
  if_false

Hint: Omit it from the simp argument list.
  [apply] simp only [EStateM.bind, EStateM.pure, ExceptT.bindCont, EStateM.map, hze, LeanRV64DExecutable.assert,
    PreSail.assert, show ((false : Bool) == false) = true from by decide, if_true, Bool.and_false, Bool.false_and,
    Bool.false_eq_true]

Note: This linter can be disabled with `set_option linter.unusedSimpArgs false`
warning: Vsa/Sim/MemStore.lean:1957:46: This simp argument is unused:
  Bool.false_eq_true

Hint: Omit it from the simp argument list.
  [apply] simp only [EStateM.bind, EStateM.pure, ExceptT.bindCont, EStateM.map, hze, LeanRV64DExecutable.assert,
    PreSail.assert, show ((false : Bool) == false) = true from by decide, if_true, Bool.and_false, Bool.false_and,
    if_false]

Note: This linter can be disabled with `set_option linter.unusedSimpArgs false`
warning: Vsa/Sim/MemStore.lean:1958:13: This simp argument is unused:
  bind

Hint: Omit it from the simp argument list.
  [apply] simp only [Bind.bind, pure, Pure.pure, EStateM.bind, EStateM.pure, ExceptT.bindCont, EStateM.map, ite_self,
    Int.toNat_natCast, show (!(SATPMode.Bare == SATPMode.Bare) && (0 : Int)>b0) = false from by decide]

Note: This linter can be disabled with `set_option linter.unusedSimpArgs false`
warning: Vsa/Sim/MemStore.lean:1958:19: This simp argument is unused:
  Bind.bind

Hint: Omit it from the simp argument list.
  [apply] simp only [bind, pure, Pure.pure, EStateM.bind, EStateM.pure, ExceptT.bindCont, EStateM.map, ite_self,
    Int.toNat_natCast, show (!(SATPMode.Bare == SATPMode.Bare) && (0 : Int)>b0) = false from by decide]

Note: This linter can be disabled with `set_option linter.unusedSimpArgs false`
warning: Vsa/Sim/MemStore.lean:1962:27: This simp argument is unused:
  EStateM.pure

Hint: Omit it from the simp argument list.
  [apply] simp only [EStateM.bind, ExceptT.bindCont, EStateM.map]

Note: This linter can be disabled with `set_option linter.unusedSimpArgs false`
warning: Vsa/Sim/MemStore.lean:1967:13: This simp argument is unused:
  LeanRV64DExecutable.SailME.run

Hint: Omit it from the simp argument list.
  [apply] simp only [LeanRV64DExecutable.SailME.throw, Sail.ConcurrencyInterfaceV1.PreSail.PreSailME.run, ExceptT.run,
    Sail.ConcurrencyInterfaceV1.PreSail.PreSailME.throw, bind, ExceptT.bind, ExceptT.mk, liftM, monadLift,
    MonadLift.monadLift, ExceptT.lift, ExceptT.bindCont, ExceptT.pure, Functor.map, EStateM.map, EStateM.run,
    EStateM.bind, EStateM.pure, pure, Pure.pure, Bool.true_and, Bool.and_true]

Note: This linter can be disabled with `set_option linter.unusedSimpArgs false`
warning: Vsa/Sim/MemStore.lean:1967:45: This simp argument is unused:
  LeanRV64DExecutable.SailME.throw

Hint: Omit it from the simp argument list.
  [apply] simp only [LeanRV64DExecutable.SailME.run, Sail.ConcurrencyInterfaceV1.PreSail.PreSailME.run, ExceptT.run,
    Sail.ConcurrencyInterfaceV1.PreSail.PreSailME.throw, bind, ExceptT.bind, ExceptT.mk, liftM, monadLift,
    MonadLift.monadLift, ExceptT.lift, ExceptT.bindCont, ExceptT.pure, Functor.map, EStateM.map, EStateM.run,
    EStateM.bind, EStateM.pure, pure, Pure.pure, Bool.true_and, Bool.and_true]

Note: This linter can be disabled with `set_option linter.unusedSimpArgs false`
warning: Vsa/Sim/MemStore.lean:1968:4: This simp argument is unused:
  Sail.ConcurrencyInterfaceV1.PreSail.PreSailME.run

Hint: Omit it from the simp argument list.
  [apply] simp only [LeanRV64DExecutable.SailME.run, LeanRV64DExecutable.SailME.throw, ExceptT.run,
    Sail.ConcurrencyInterfaceV1.PreSail.PreSailME.throw, bind, ExceptT.bind, ExceptT.mk, liftM, monadLift,
    MonadLift.monadLift, ExceptT.lift, ExceptT.bindCont, ExceptT.pure, Functor.map, EStateM.map, EStateM.run,
    EStateM.bind, EStateM.pure, pure, Pure.pure, Bool.true_and, Bool.and_true]

Note: This linter can be disabled with `set_option linter.unusedSimpArgs false`
warning: Vsa/Sim/MemStore.lean:1968:55: This simp argument is unused:
  ExceptT.run

Hint: Omit it from the simp argument list.
  [apply] simp only [LeanRV64DExecutable.SailME.run, LeanRV64DExecutable.SailME.throw,
    Sail.ConcurrencyInterfaceV1.PreSail.PreSailME.run, Sail.ConcurrencyInterfaceV1.PreSail.PreSailME.throw, bind,
    ExceptT.bind, ExceptT.mk, liftM, monadLift, MonadLift.monadLift, ExceptT.lift, ExceptT.bindCont, ExceptT.pure,
    Functor.map, EStateM.map, EStateM.run, EStateM.bind, EStateM.pure, pure, Pure.pure, Bool.true_and, Bool.and_true]

Note: This linter can be disabled with `set_option linter.unusedSimpArgs false`
warning: Vsa/Sim/MemStore.lean:1969:4: This simp argument is unused:
  Sail.ConcurrencyInterfaceV1.PreSail.PreSailME.throw

Hint: Omit it from the simp argument list.
  [apply] simp only [LeanRV64DExecutable.SailME.run, LeanRV64DExecutable.SailME.throw,
    Sail.ConcurrencyInterfaceV1.PreSail.PreSailME.run, ExceptT.run, bind, ExceptT.bind, ExceptT.mk, liftM, monadLift,
    MonadLift.monadLift, ExceptT.lift, ExceptT.bindCont, ExceptT.pure, Functor.map, EStateM.map, EStateM.run,
    EStateM.bind, EStateM.pure, pure, Pure.pure, Bool.true_and, Bool.and_true]

Note: This linter can be disabled with `set_option linter.unusedSimpArgs false`
warning: Vsa/Sim/MemStore.lean:1970:4: This simp argument is unused:
  bind

Hint: Omit it from the simp argument list.
  [apply] simp only [LeanRV64DExecutable.SailME.run, LeanRV64DExecutable.SailME.throw,
    Sail.ConcurrencyInterfaceV1.PreSail.PreSailME.run, ExceptT.run, Sail.ConcurrencyInterfaceV1.PreSail.PreSailME.throw,
    ExceptT.bind, ExceptT.mk, liftM, monadLift, MonadLift.monadLift, ExceptT.lift, ExceptT.bindCont, ExceptT.pure,
    Functor.map, EStateM.map, EStateM.run, EStateM.bind, EStateM.pure, pure, Pure.pure, Bool.true_and, Bool.and_true]

Note: This linter can be disabled with `set_option linter.unusedSimpArgs false`
warning: Vsa/Sim/MemStore.lean:1970:10: This simp argument is unused:
  ExceptT.bind

Hint: Omit it from the simp argument list.
  [apply] simp only [LeanRV64DExecutable.SailME.run, LeanRV64DExecutable.SailME.throw,
    Sail.ConcurrencyInterfaceV1.PreSail.PreSailME.run, ExceptT.run, Sail.ConcurrencyInterfaceV1.PreSail.PreSailME.throw,
    bind, ExceptT.mk, liftM, monadLift, MonadLift.monadLift, ExceptT.lift, ExceptT.bindCont, ExceptT.pure, Functor.map,
    EStateM.map, EStateM.run, EStateM.bind, EStateM.pure, pure, Pure.pure, Bool.true_and, Bool.and_true]

Note: This linter can be disabled with `set_option linter.unusedSimpArgs false`
warning: Vsa/Sim/MemStore.lean:1970:24: This simp argument is unused:
  ExceptT.mk

Hint: Omit it from the simp argument list.
  [apply] simp only [LeanRV64DExecutable.SailME.run, LeanRV64DExecutable.SailME.throw,
    Sail.ConcurrencyInterfaceV1.PreSail.PreSailME.run, ExceptT.run, Sail.ConcurrencyInterfaceV1.PreSail.PreSailME.throw,
    bind, ExceptT.bind, liftM, monadLift, MonadLift.monadLift, ExceptT.lift, ExceptT.bindCont, ExceptT.pure,
    Functor.map, EStateM.map, EStateM.run, EStateM.bind, EStateM.pure, pure, Pure.pure, Bool.true_and, Bool.and_true]

Note: This linter can be disabled with `set_option linter.unusedSimpArgs false`
warning: Vsa/Sim/MemStore.lean:1970:36: This simp argument is unused:
  liftM

Hint: Omit it from the simp argument list.
  [apply] simp only [LeanRV64DExecutable.SailME.run, LeanRV64DExecutable.SailME.throw,
    Sail.ConcurrencyInterfaceV1.PreSail.PreSailME.run, ExceptT.run, Sail.ConcurrencyInterfaceV1.PreSail.PreSailME.throw,
    bind, ExceptT.bind, ExceptT.mk, monadLift, MonadLift.monadLift, ExceptT.lift, ExceptT.bindCont, ExceptT.pure,
    Functor.map, EStateM.map, EStateM.run, EStateM.bind, EStateM.pure, pure, Pure.pure, Bool.true_and, Bool.and_true]

Note: This linter can be disabled with `set_option linter.unusedSimpArgs false`
warning: Vsa/Sim/MemStore.lean:1970:43: This simp argument is unused:
  monadLift

Hint: Omit it from the simp argument list.
  [apply] simp only [LeanRV64DExecutable.SailME.run, LeanRV64DExecutable.SailME.throw,
    Sail.ConcurrencyInterfaceV1.PreSail.PreSailME.run, ExceptT.run, Sail.ConcurrencyInterfaceV1.PreSail.PreSailME.throw,
    bind, ExceptT.bind, ExceptT.mk, liftM, MonadLift.monadLift, ExceptT.lift, ExceptT.bindCont, ExceptT.pure,
    Functor.map, EStateM.map, EStateM.run, EStateM.bind, EStateM.pure, pure, Pure.pure, Bool.true_and, Bool.and_true]

Note: This linter can be disabled with `set_option linter.unusedSimpArgs false`
warning: Vsa/Sim/MemStore.lean:1970:54: This simp argument is unused:
  MonadLift.monadLift

Hint: Omit it from the simp argument list.
  [apply] simp only [LeanRV64DExecutable.SailME.run, LeanRV64DExecutable.SailME.throw,
    Sail.ConcurrencyInterfaceV1.PreSail.PreSailME.run, ExceptT.run, Sail.ConcurrencyInterfaceV1.PreSail.PreSailME.throw,
    bind, ExceptT.bind, ExceptT.mk, liftM, monadLift, ExceptT.lift, ExceptT.bindCont, ExceptT.pure, Functor.map,
    EStateM.map, EStateM.run, EStateM.bind, EStateM.pure, pure, Pure.pure, Bool.true_and, Bool.and_true]

Note: This linter can be disabled with `set_option linter.unusedSimpArgs false`
warning: Vsa/Sim/MemStore.lean:1971:4: This simp argument is unused:
  ExceptT.lift

Hint: Omit it from the simp argument list.
  [apply] simp only [LeanRV64DExecutable.SailME.run, LeanRV64DExecutable.SailME.throw,
    Sail.ConcurrencyInterfaceV1.PreSail.PreSailME.run, ExceptT.run, Sail.ConcurrencyInterfaceV1.PreSail.PreSailME.throw,
    bind, ExceptT.bind, ExceptT.mk, liftM, monadLift, MonadLift.monadLift, ExceptT.bindCont, ExceptT.pure, Functor.map,
    EStateM.map, EStateM.run, EStateM.bind, EStateM.pure, pure, Pure.pure, Bool.true_and, Bool.and_true]

Note: This linter can be disabled with `set_option linter.unusedSimpArgs false`
warning: Vsa/Sim/MemStore.lean:1971:36: This simp argument is unused:
  ExceptT.pure

Hint: Omit it from the simp argument list.
  [apply] simp only [LeanRV64DExecutable.SailME.run, LeanRV64DExecutable.SailME.throw,
    Sail.ConcurrencyInterfaceV1.PreSail.PreSailME.run, ExceptT.run, Sail.ConcurrencyInterfaceV1.PreSail.PreSailME.throw,
    bind, ExceptT.bind, ExceptT.mk, liftM, monadLift, MonadLift.monadLift, ExceptT.lift, ExceptT.bindCont, Functor.map,
    EStateM.map, EStateM.run, EStateM.bind, EStateM.pure, pure, Pure.pure, Bool.true_and, Bool.and_true]

Note: This linter can be disabled with `set_option linter.unusedSimpArgs false`
warning: Vsa/Sim/MemStore.lean:1971:50: This simp argument is unused:
  Functor.map

Hint: Omit it from the simp argument list.
  [apply] simp only [LeanRV64DExecutable.SailME.run, LeanRV64DExecutable.SailME.throw,
    Sail.ConcurrencyInterfaceV1.PreSail.PreSailME.run, ExceptT.run, Sail.ConcurrencyInterfaceV1.PreSail.PreSailME.throw,
    bind, ExceptT.bind, ExceptT.mk, liftM, monadLift, MonadLift.monadLift, ExceptT.lift, ExceptT.bindCont, ExceptT.pure,
    EStateM.map, EStateM.run, EStateM.bind, EStateM.pure, pure, Pure.pure, Bool.true_and, Bool.and_true]

Note: This linter can be disabled with `set_option linter.unusedSimpArgs false`
warning: Vsa/Sim/MemStore.lean:1971:63: This simp argument is unused:
  EStateM.map

Hint: Omit it from the simp argument list.
  [apply] simp only [LeanRV64DExecutable.SailME.run, LeanRV64DExecutable.SailME.throw,
    Sail.ConcurrencyInterfaceV1.PreSail.PreSailME.run, ExceptT.run, Sail.ConcurrencyInterfaceV1.PreSail.PreSailME.throw,
    bind, ExceptT.bind, ExceptT.mk, liftM, monadLift, MonadLift.monadLift, ExceptT.lift, ExceptT.bindCont, ExceptT.pure,
    Functor.map, EStateM.run, EStateM.bind, EStateM.pure, pure, Pure.pure, Bool.true_and, Bool.and_true]

Note: This linter can be disabled with `set_option linter.unusedSimpArgs false`
warning: Vsa/Sim/MemStore.lean:1972:4: This simp argument is unused:
  EStateM.run

Hint: Omit it from the simp argument list.
  [apply] simp only [LeanRV64DExecutable.SailME.run, LeanRV64DExecutable.SailME.throw,
    Sail.ConcurrencyInterfaceV1.PreSail.PreSailME.run, ExceptT.run, Sail.ConcurrencyInterfaceV1.PreSail.PreSailME.throw,
    bind, ExceptT.bind, ExceptT.mk, liftM, monadLift, MonadLift.monadLift, ExceptT.lift, ExceptT.bindCont, ExceptT.pure,
    Functor.map, EStateM.map, EStateM.bind, EStateM.pure, pure, Pure.pure, Bool.true_and, Bool.and_true]

Note: This linter can be disabled with `set_option linter.unusedSimpArgs false`
⚠ [179/700] Replayed Vsa.Sim.ExecuteStore
warning: Vsa/Sim/ExecuteStore.lean:112:4: This simp argument is unused:
  EStateM.run

Hint: Omit it from the simp argument list.
  [apply] simp only [LeanRV64DExecutable.SailME.run, LeanRV64DExecutable.SailME.throw,
    Sail.ConcurrencyInterfaceV1.PreSail.PreSailME.run, ExceptT.run, Sail.ConcurrencyInterfaceV1.PreSail.PreSailME.throw,
    bind, ExceptT.bind, ExceptT.mk, liftM, monadLift, MonadLift.monadLift, ExceptT.lift, ExceptT.bindCont, ExceptT.pure,
    Functor.map, EStateM.map, EStateM.bind, pure, EStateM.pure]

Note: This linter can be disabled with `set_option linter.unusedSimpArgs false`
warning: Vsa/Sim/ExecuteStore.lean:112:37: This simp argument is unused:
  EStateM.pure

Hint: Omit it from the simp argument list.
  [apply] simp only [LeanRV64DExecutable.SailME.run, LeanRV64DExecutable.SailME.throw,
    Sail.ConcurrencyInterfaceV1.PreSail.PreSailME.run, ExceptT.run, Sail.ConcurrencyInterfaceV1.PreSail.PreSailME.throw,
    bind, ExceptT.bind, ExceptT.mk, liftM, monadLift, MonadLift.monadLift, ExceptT.lift, ExceptT.bindCont, ExceptT.pure,
    Functor.map, EStateM.map, EStateM.run, EStateM.bind, pure]

Note: This linter can be disabled with `set_option linter.unusedSimpArgs false`
warning: Vsa/Sim/ExecuteStore.lean:114:13: This simp argument is unused:
  EStateM.bind

Hint: Omit it from the simp argument list.
  [apply] simp only [EStateM.pure, ExceptT.bindCont, EStateM.map, hze]

Note: This linter can be disabled with `set_option linter.unusedSimpArgs false`
warning: Vsa/Sim/ExecuteStore.lean:114:41: This simp argument is unused:
  ExceptT.bindCont

Hint: Omit it from the simp argument list.
  [apply] simp only [EStateM.bind, EStateM.pure, EStateM.map, hze]

Note: This linter can be disabled with `set_option linter.unusedSimpArgs false`
warning: Vsa/Sim/ExecuteStore.lean:156:57: `if_true` has been deprecated: Use `ite_true` instead
warning: Vsa/Sim/ExecuteStore.lean:158:13: This simp argument is unused:
  EStateM.bind

Hint: Omit it from the simp argument list.
  [apply] simp only [EStateM.pure]

Note: This linter can be disabled with `set_option linter.unusedSimpArgs false`
warning: Vsa/Sim/ExecuteStore.lean:158:27: This simp argument is unused:
  EStateM.pure

Hint: Omit it from the simp argument list.
  [apply] simp only [EStateM.bind]

Note: This linter can be disabled with `set_option linter.unusedSimpArgs false`
⚠ [201/700] Replayed Vsa.Sim.MemcpySpec
warning: Vsa/Sim/MemcpySpec.lean:79:38: `if_neg` has been deprecated: Use `ite_eq_right` instead
warning: Vsa/Sim/MemcpySpec.lean:158:46: `if_true` has been deprecated: Use `ite_true` instead
warning: Vsa/Sim/MemcpySpec.lean:161:10: `if_neg` has been deprecated: Use `ite_eq_right` instead
warning: Vsa/Sim/MemcpySpec.lean:168:8: `if_neg` has been deprecated: Use `ite_eq_right` instead
warning: Vsa/Sim/MemcpySpec.lean:176:8: `if_neg` has been deprecated: Use `ite_eq_right` instead
warning: Vsa/Sim/MemcpySpec.lean:387:77: `dif_neg` has been deprecated: Use `dite_eq_right` instead
⚠ [202/700] Replayed Vsa.Sim.DivSpec
warning: Vsa/Sim/DivSpec.lean:759:8: `if_pos` has been deprecated: Use `ite_eq_left` instead
warning: Vsa/Sim/DivSpec.lean:773:8: `if_neg` has been deprecated: Use `ite_eq_right` instead
⚠ [203/700] Replayed Vsa.Sim.DivLoops
warning: Vsa/Sim/DivLoops.lean:64:19: `if_true` has been deprecated: Use `ite_true` instead
warning: Vsa/Sim/DivLoops.lean:67:19: `if_false` has been deprecated: Use `ite_false` instead
warning: Vsa/Sim/DivLoops.lean:128:56: `if_pos` has been deprecated: Use `ite_eq_left` instead
warning: Vsa/Sim/DivLoops.lean:141:10: `if_neg` has been deprecated: Use `ite_eq_right` instead
warning: Vsa/Sim/DivLoops.lean:178:62: `if_pos` has been deprecated: Use `ite_eq_left` instead
warning: Vsa/Sim/DivLoops.lean:317:55: `if_pos` has been deprecated: Use `ite_eq_left` instead
warning: Vsa/Sim/DivLoops.lean:327:10: `if_neg` has been deprecated: Use `ite_eq_right` instead
warning: Vsa/Sim/DivLoops.lean:408:63: `if_pos` has been deprecated: Use `ite_eq_left` instead
warning: Vsa/Sim/DivLoops.lean:433:63: `if_pos` has been deprecated: Use `ite_eq_left` instead
⚠ [211/700] Replayed Vsa.Sim.DivSites2
warning: Vsa/Sim/DivSites2.lean:60:77: `dif_neg` has been deprecated: Use `dite_eq_right` instead
warning: Vsa/Sim/DivSites2.lean:70:17: `dif_neg` has been deprecated: Use `dite_eq_right` instead
warning: Vsa/Sim/DivSites2.lean:72:17: `dif_neg` has been deprecated: Use `dite_eq_right` instead
ℹ [215/700] Replayed Vsa.Sim.StepFrameOut
info: Vsa/Sim/StepFrameOut.lean:284:0: 'Vsa.Sim.StepFrameOut.trans' depends on axioms: [propext, Classical.choice, Quot.sound]
info: Vsa/Sim/StepFrameOut.lean:285:0: 'Vsa.Sim.StepFrameOut.of_alu' depends on axioms: [propext, Classical.choice, Quot.sound]
info: Vsa/Sim/StepFrameOut.lean:286:0: 'Vsa.Sim.StepFrameOut.of_jr' depends on axioms: [propext, Classical.choice, Quot.sound]
info: Vsa/Sim/StepFrameOut.lean:287:0: 'Vsa.Sim.StepFrameOut.get' depends on axioms: [propext, Classical.choice, Quot.sound]
ℹ [216/700] Replayed Vsa.Sim.ChainFrameOut
info: Vsa/Sim/ChainFrameOut.lean:272:0: 'Vsa.Sim.chainFrameOut_demo' depends on axioms: [propext, Classical.choice, Quot.sound]
info: Vsa/Sim/ChainFrameOut.lean:273:0: 'Vsa.Sim.chainFrameOut_get_demo' depends on axioms: [propext, Classical.choice, Quot.sound]
info: Vsa/Sim/ChainFrameOut.lean:274:0: 'Vsa.Sim.chainOut_demo' depends on axioms: [propext, Classical.choice, Quot.sound]
⚠ [217/700] Replayed Vsa.Sim.RamReadPolicy
warning: Vsa/Sim/RamReadPolicy.lean:52:6: `if_neg` has been deprecated: Use `ite_eq_right` instead
warning: Vsa/Sim/RamReadPolicy.lean:52:14: `if_neg` has been deprecated: Use `ite_eq_right` instead
warning: Vsa/Sim/RamReadPolicy.lean:52:22: `if_pos` has been deprecated: Use `ite_eq_left` instead
warning: Vsa/Sim/RamReadPolicy.lean:92:55: `if_true` has been deprecated: Use `ite_true` instead
warning: Vsa/Sim/RamReadPolicy.lean:92:64: `if_false` has been deprecated: Use `ite_false` instead
warning: Vsa/Sim/RamReadPolicy.lean:122:31: `if_true` has been deprecated: Use `ite_true` instead
warning: Vsa/Sim/RamReadPolicy.lean:124:51: `if_false` has been deprecated: Use `ite_false` instead
warning: Vsa/Sim/RamReadPolicy.lean:129:8: `if_neg` has been deprecated: Use `ite_eq_right` instead
info: Vsa/Sim/RamReadPolicy.lean:133:0: 'Vsa.Sim.to_bits_nat' depends on axioms: [propext, Quot.sound]
info: Vsa/Sim/RamReadPolicy.lean:134:0: 'Vsa.Sim.matchingPmaRam' depends on axioms: [propext, Quot.sound]
info: Vsa/Sim/RamReadPolicy.lean:135:0: 'Vsa.Sim.pmaCheck_ram_scalar' depends on axioms: [propext, Classical.choice, Quot.sound]
info: Vsa/Sim/RamReadPolicy.lean:136:0: 'Vsa.Sim.split_misaligned_cannotSplit' depends on axioms: [propext, Classical.choice, Quot.sound]
info: Vsa/Sim/RamReadPolicy.lean:137:0: 'Vsa.Sim.split_misaligned_ram' depends on axioms: [propext, Classical.choice, Quot.sound]
ℹ [218/700] Replayed Vsa.Sim.UntilSequence
info: Vsa/Sim/UntilSequence.lean:37:0: 'Vsa.Sim.untilFuelM_sequence' depends on axioms: [propext, Classical.choice, Quot.sound]
⚠ [219/700] Replayed Vsa.Sim.RamReadSingle
warning: Vsa/Sim/RamReadSingle.lean:45:48: `if_false` has been deprecated: Use `ite_false` instead
warning: Vsa/Sim/RamReadSingle.lean:53:48: `if_true` has been deprecated: Use `ite_true` instead
warning: Vsa/Sim/RamReadSingle.lean:55:37: `if_false` has been deprecated: Use `ite_false` instead
warning: Vsa/Sim/RamReadSingle.lean:58:22: `if_true` has been deprecated: Use `ite_true` instead
info: Vsa/Sim/RamReadSingle.lean:67:0: 'Vsa.Sim.checked_mem_read_single_of_ram' depends on axioms: [propext, Classical.choice, Quot.sound]
⚠ [221/700] Replayed Vsa.Sim.RamReadData
warning: Vsa/Sim/RamReadData.lean:58:38: `if_true` has been deprecated: Use `ite_true` instead
info: Vsa/Sim/RamReadData.lean:90:0: 'Vsa.Sim.RamReadChecks.readFour' depends on axioms: [propext, Classical.choice, Quot.sound]
info: Vsa/Sim/RamReadData.lean:91:0: 'Vsa.Sim.RamReadChecks.readEight' depends on axioms: [propext, Classical.choice, Quot.sound]
info: Vsa/Sim/RamReadData.lean:93:0: 'Vsa.Sim.RamReadChecks.of_scalar' depends on axioms: [propext, Classical.choice, Quot.sound]
info: Vsa/Sim/RamReadData.lean:94:0: 'Vsa.Sim.RamReadChecks.of_good' depends on axioms: [propext, Classical.choice, Quot.sound]
info: Vsa/Sim/RamReadData.lean:96:0: 'Vsa.Sim.within_mmio_readable_ram_false_width' depends on axioms: [propext, Classical.choice, Quot.sound]
ℹ [222/700] Replayed Vsa.Sim.RamReadSplit
info: Vsa/Sim/RamReadSplit.lean:132:0: 'Vsa.Sim.scalarChunkFacts' depends on axioms: [propext, Classical.choice, Quot.sound]
info: Vsa/Sim/RamReadSplit.lean:134:0: 'Vsa.Sim.countTrailingZeros_eq_of_low_bits' depends on axioms: [propext, Classical.choice, Quot.sound]
info: Vsa/Sim/RamReadSplit.lean:135:0: 'Vsa.Sim.mod_pow_eq_zero_of_le_ctz' depends on axioms: [propext, Classical.choice, Quot.sound]
info: Vsa/Sim/RamReadSplit.lean:136:0: 'Vsa.Sim.scalarSplitFacts' depends on axioms: [propext, Classical.choice, Quot.sound]
info: Vsa/Sim/RamReadSplit.lean:138:0: 'Vsa.Sim.scalarWidth_ctz' depends on axioms: [propext, Quot.sound]
info: Vsa/Sim/RamReadSplit.lean:139:0: 'Vsa.Sim.split_access_scalar' depends on axioms: [propext, Classical.choice, Quot.sound]
⚠ [223/700] Replayed Vsa.Sim.SplitReadLoop
warning: Vsa/Sim/SplitReadLoop.lean:108:4: `if_true` has been deprecated: Use `ite_true` instead
warning: Vsa/Sim/SplitReadLoop.lean:112:78: `if_false` has been deprecated: Use `ite_false` instead
warning: Vsa/Sim/SplitReadLoop.lean:110:13: This simp argument is unused:
  EStateM.pure

Hint: Omit it from the simp argument list.
  [apply] simp only [EStateM.bind, EStateM.map, ExceptT.bindCont]

Note: This linter can be disabled with `set_option linter.unusedSimpArgs false`
info: Vsa/Sim/SplitReadLoop.lean:146:0: 'Vsa.Sim.splitReadLoop_trace' depends on axioms: [propext, Classical.choice, Quot.sound]
info: Vsa/Sim/SplitReadLoop.lean:148:0: 'Vsa.Sim.splitReadBody_trace' depends on axioms: [propext, Classical.choice, Quot.sound]
⚠ [224/700] Replayed Vsa.Sim.CheckedSplitRead
warning: Vsa/Sim/CheckedSplitRead.lean:42:43: `if_false` has been deprecated: Use `ite_false` instead
info: Vsa/Sim/CheckedSplitRead.lean:58:0: 'Vsa.Sim.checked_mem_read_of_split' depends on axioms: [propext, Classical.choice, Quot.sound]
ℹ [226/700] Replayed Vsa.Sim.Code.FixedImage
info: Vsa/Sim/Code/FixedImage.lean:65:0: 'Vsa.Sim.Code.FixedBytesLoaded.transport' depends on axioms: [propext, Classical.choice, Quot.sound]
info: Vsa/Sim/Code/FixedImage.lean:66:0: 'Vsa.Sim.Code.FixedTextLoaded.transport' depends on axioms: [propext, Classical.choice, Quot.sound]
info: Vsa/Sim/Code/FixedImage.lean:67:0: 'Vsa.Sim.Code.FixedRodataLoaded.transport' depends on axioms: [propext, Classical.choice, Quot.sound]
info: Vsa/Sim/Code/FixedImage.lean:68:0: 'Vsa.Sim.Code.FixedRodataLoaded.byteAt' depends on axioms: [propext, Classical.choice, Quot.sound]
ℹ [739/900] Replayed Vsa.Sim.DeriveCallSeg
info: Vsa/Sim/DeriveCallSeg.lean:98:0: 'Vsa.Sim.callSegDemo' depends on axioms: [propext, Classical.choice, Quot.sound]
info: Vsa/Sim/DeriveCallSeg.lean:117:0: 'Vsa.Sim.callClosureSimShape' depends on axioms: [propext, Classical.choice, Quot.sound]
info: Vsa/Sim/DeriveCallSeg.lean:130:0: 'Vsa.Sim.callSegConseqDemo' depends on axioms: [propext, Classical.choice, Quot.sound]
ℹ [740/900] Replayed Vsa.Sim.DeriveLoop
info: Vsa/Sim/DeriveLoop.lean:164:0: 'Vsa.Sim.loopFromBody' depends on axioms: [propext, Classical.choice, Quot.sound]
info: Vsa/Sim/DeriveLoop.lean:165:0: 'Vsa.Sim.loopFromStepBody' depends on axioms: [propext, Classical.choice, Quot.sound]
info: Vsa/Sim/DeriveLoop.lean:166:0: 'Vsa.Sim.countdownLoop' depends on axioms: [propext, Classical.choice, Quot.sound]
info: Vsa/Sim/DeriveLoop.lean:167:0: 'Vsa.Sim.countdownLoop_zero' depends on axioms: [propext, Classical.choice, Quot.sound]
info: Vsa/Sim/DeriveLoop.lean:168:0: 'Vsa.Sim.regCountdownLoop' depends on axioms: [propext, Classical.choice, Quot.sound]
ℹ [743/900] Replayed Vsa.Sim.FnSummary
info: Vsa/Sim/FnSummary.lean:112:0: 'Vsa.Sim.FnSummary.weaken' depends on axioms: [propext, Classical.choice, Quot.sound]
info: Vsa/Sim/FnSummary.lean:113:0: 'Vsa.Sim.FnSummary.seq' depends on axioms: [propext, Classical.choice, Quot.sound]
info: Vsa/Sim/FnSummary.lean:114:0: 'Vsa.Sim.FnSummary.callSplice' depends on axioms: [propext, Classical.choice, Quot.sound]
info: Vsa/Sim/FnSummary.lean:115:0: 'Vsa.Sim.tailJump_of_summary' depends on axioms: [propext, Classical.choice, Quot.sound]
info: Vsa/Sim/FnSummary.lean:116:0: 'Vsa.Sim.FnSummary.tailJump' depends on axioms: [propext, Classical.choice, Quot.sound]
⚠ [744/900] Replayed Vsa.Sim.Htif
warning: Vsa/Sim/Htif.lean:196:53: `if_true` has been deprecated: Use `ite_true` instead
warning: Vsa/Sim/Htif.lean:206:47: `if_true` has been deprecated: Use `ite_true` instead
warning: Vsa/Sim/Htif.lean:246:53: `if_true` has been deprecated: Use `ite_true` instead
warning: Vsa/Sim/Htif.lean:256:47: `if_true` has been deprecated: Use `ite_true` instead
⚠ [745/900] Replayed Vsa.Sim.HtifMmio
warning: Vsa/Sim/HtifMmio.lean:76:33: `if_false` has been deprecated: Use `ite_false` instead
warning: Vsa/Sim/HtifMmio.lean:79:33: `if_false` has been deprecated: Use `ite_false` instead
⚠ [746/900] Replayed Vsa.Sim.HtifLift
warning: Vsa/Sim/HtifLift.lean:95:48: `if_false` has been deprecated: Use `ite_false` instead
warning: Vsa/Sim/HtifLift.lean:103:48: `if_true` has been deprecated: Use `ite_true` instead
warning: Vsa/Sim/HtifLift.lean:112:22: `if_true` has been deprecated: Use `ite_true` instead
⚠ [752/900] Replayed Vsa.Sim.PageReadSplit
warning: Vsa/Sim/PageReadSplit.lean:19:38: `if_true` has been deprecated: Use `ite_true` instead
warning: Vsa/Sim/PageReadSplit.lean:45:26: `if_false` has been deprecated: Use `ite_false` instead
info: Vsa/Sim/PageReadSplit.lean:52:0: 'Vsa.Sim.split_on_page_boundary_ram' depends on axioms: [propext, Classical.choice, Quot.sound]
⚠ [754/900] Replayed Vsa.Sim.RamReadBytes
warning: Vsa/Sim/RamReadBytes.lean:23:10: `if_neg` has been deprecated: Use `ite_eq_right` instead
warning: Vsa/Sim/RamReadBytes.lean:66:57: `if_false` has been deprecated: Use `ite_false` instead
info: Vsa/Sim/RamReadBytes.lean:70:0: 'Vsa.Sim.bytesT_extract' depends on axioms: [propext, Classical.choice, Quot.sound]
info: Vsa/Sim/RamReadBytes.lean:71:0: 'Vsa.Sim.readBytes_total' depends on axioms: [propext, Classical.choice, Quot.sound]
info: Vsa/Sim/RamReadBytes.lean:72:0: 'Vsa.Sim.read_ram_total' depends on axioms: [propext, Classical.choice, Quot.sound]
info: Vsa/Sim/RamReadBytes.lean:73:0: 'Vsa.Sim.getLsbD_bytesT' depends on axioms: [propext, Classical.choice, Quot.sound]
⚠ [755/900] Replayed Vsa.Sim.SplitReadAssembly
warning: Vsa/Sim/SplitReadAssembly.lean:66:12: `if_neg` has been deprecated: Use `ite_eq_right` instead
warning: Vsa/Sim/SplitReadAssembly.lean:68:12: `if_pos` has been deprecated: Use `ite_eq_left` instead
info: Vsa/Sim/SplitReadAssembly.lean:102:0: 'Vsa.Sim.splitReadAccum_bytesT' depends on axioms: [propext, Classical.choice, Quot.sound]
info: Vsa/Sim/SplitReadAssembly.lean:103:0: 'Vsa.Sim.splitReadAccum_eq' depends on axioms: [propext, Classical.choice, Quot.sound]
info: Vsa/Sim/SplitReadAssembly.lean:104:0: 'Vsa.Sim.getLsbD_updateSubrange'' depends on axioms: [propext, Classical.choice, Quot.sound]
info: Vsa/Sim/SplitReadAssembly.lean:105:0: 'Vsa.Sim.getLsbD_splitReadInsert' depends on axioms: [propext, Classical.choice, Quot.sound]
ℹ [756/900] Replayed Vsa.Sim.RamReadScalar
info: Vsa/Sim/RamReadScalar.lean:73:0: 'Vsa.Sim.checked_mem_read_split_total' depends on axioms: [propext, Classical.choice, Quot.sound]
info: Vsa/Sim/RamReadScalar.lean:74:0: 'Vsa.Sim.ramChunkAddress_scalar' depends on axioms: [propext, Quot.sound]
info: Vsa/Sim/RamReadScalar.lean:75:0: 'Vsa.Sim.SplitReadChunk.of_scalar' depends on axioms: [propext, Classical.choice, Quot.sound]
info: Vsa/Sim/RamReadScalar.lean:76:0: 'Vsa.Sim.checked_mem_read_ram_scalar' depends on axioms: [propext, Classical.choice, Quot.sound]
⚠ [757/900] Replayed Vsa.Sim.RamReadVirtual
warning: Vsa/Sim/RamReadVirtual.lean:43:35: `if_false` has been deprecated: Use `ite_false` instead
warning: Vsa/Sim/RamReadVirtual.lean:54:71: `if_false` has been deprecated: Use `ite_false` instead
warning: Vsa/Sim/RamReadVirtual.lean:60:4: `if_false` has been deprecated: Use `ite_false` instead
warning: Vsa/Sim/RamReadVirtual.lean:41:37: This simp argument is unused:
  EStateM.pure

Hint: Omit it from the simp argument list.
  [apply] simp only [hmis, pure_unit_bindCont, ite_self, LeanRV64DExecutable.SailME.run,
    LeanRV64DExecutable.SailME.throw, Sail.ConcurrencyInterfaceV1.PreSail.PreSailME.run, ExceptT.run,
    Sail.ConcurrencyInterfaceV1.PreSail.PreSailME.throw, bind, ExceptT.bind, ExceptT.mk, liftM, monadLift,
    MonadLift.monadLift, ExceptT.lift, ExceptT.bindCont, ExceptT.pure, Functor.map, EStateM.map, EStateM.run,
    EStateM.bind, pure, bits_of_virtaddr, sys_misaligned_order_decreasing, Functions.not, Bool.false_and, if_false,
    Bool.false_eq_true]

Note: This linter can be disabled with `set_option linter.unusedSimpArgs false`
warning: Vsa/Sim/RamReadVirtual.lean:60:4: This simp argument is unused:
  if_false

Hint: Omit it from the simp argument list.
  [apply] simp only [EStateM.pure, EStateM.bind, ExceptT.bindCont]

Note: This linter can be disabled with `set_option linter.unusedSimpArgs false`
info: Vsa/Sim/RamReadVirtual.lean:118:0: 'Vsa.Sim.translate_and_read_value_ram_scalar' depends on axioms: [propext, Classical.choice, Quot.sound]
info: Vsa/Sim/RamReadVirtual.lean:119:0: 'Vsa.Sim.vmem_read_addr_ram_scalar' depends on axioms: [propext, Classical.choice, Quot.sound]
info: Vsa/Sim/RamReadVirtual.lean:120:0: 'Vsa.Sim.vmem_read_ram_scalar' depends on axioms: [propext, Classical.choice, Quot.sound]
info: Vsa/Sim/RamReadVirtual.lean:122:0: 'Vsa.Sim.vmem_read_addr_of_pageSplit' depends on axioms: [propext, Classical.choice, Quot.sound]
ℹ [758/900] Replayed Vsa.Sim.RamReadLoad
info: Vsa/Sim/RamReadLoad.lean:90:0: 'Vsa.Sim.exec_ld_ram' depends on axioms: [propext, Classical.choice, Quot.sound]
info: Vsa/Sim/RamReadLoad.lean:91:0: 'Vsa.Sim.exec_lw_ram' depends on axioms: [propext, Classical.choice, Quot.sound]
info: Vsa/Sim/RamReadLoad.lean:92:0: 'Vsa.Sim.GoodState.at_load_site' depends on axioms: [propext, Classical.choice, Quot.sound]
info: Vsa/Sim/RamReadLoad.lean:93:0: 'Vsa.Sim.execute_load_ram_scalar' depends on axioms: [propext, Classical.choice, Quot.sound]
info: Vsa/Sim/RamReadLoad.lean:94:0: 'Vsa.Sim.bytesT_four_eq' depends on axioms: [propext, Classical.choice, Quot.sound]
info: Vsa/Sim/RamReadLoad.lean:95:0: 'Vsa.Sim.bytesT_eight_eq' depends on axioms: [propext, Classical.choice, Quot.sound]
ℹ [759/900] Replayed Vsa.Sim.RamReadValue
info: Vsa/Sim/RamReadValue.lean:55:0: 'Vsa.Sim.exec_ld_ramv' depends on axioms: [propext, Classical.choice, Quot.sound]
info: Vsa/Sim/RamReadValue.lean:75:0: 'Vsa.Sim.exec_lw_ramv' depends on axioms: [propext, Classical.choice, Quot.sound]
info: Vsa/Sim/RamReadValue.lean:95:0: 'Vsa.Sim.exec_lwu_ramv' depends on axioms: [propext, Classical.choice, Quot.sound]
info: Vsa/Sim/RamReadValue.lean:115:0: 'Vsa.Sim.exec_lh_ramv' depends on axioms: [propext, Classical.choice, Quot.sound]
info: Vsa/Sim/RamReadValue.lean:135:0: 'Vsa.Sim.exec_lhu_ramv' depends on axioms: [propext, Classical.choice, Quot.sound]
info: Vsa/Sim/RamReadValue.lean:137:0: 'Vsa.Sim.bytesT_two_eq' depends on axioms: [propext, Classical.choice, Quot.sound]
info: Vsa/Sim/RamReadValue.lean:138:0: 'Vsa.Sim.exec_load_ramv' depends on axioms: [propext, Classical.choice, Quot.sound]
ℹ [760/900] Replayed Vsa.Sim.RamReadPins
info: Vsa/Sim/RamReadPins.lean:29:0: 'Vsa.Sim.exec_lw_ram_bytes' depends on axioms: [propext, Classical.choice, Quot.sound]
info: Vsa/Sim/RamReadPins.lean:52:0: 'Vsa.Sim.exec_lwu_ram_bytes' depends on axioms: [propext, Classical.choice, Quot.sound]
info: Vsa/Sim/RamReadPins.lean:80:0: 'Vsa.Sim.exec_ld_ram_bytes' depends on axioms: [propext, Classical.choice, Quot.sound]
✔ [1017/1018] Built Vsa (1.4s)
Build completed successfully (1018 jobs).
rc=0
